epoch,train_loss,eval_loss,pearson_mean,pearson_anger,pearson_fear,pearson_joy,pearson_sadness,pearson_surprise
1,0.59642770126281,0.5917755961418152,0.03460877723991871,-0.004551396705210209,0.03932705894112587,0.06563182920217514,0.0007527312263846397,0.0718836635351181
2,0.5893998860347609,0.5891640782356262,0.014167324174195528,-0.01047613937407732,0.05863037705421448,0.04226687550544739,-0.023199763149023056,0.003615270834416151
3,0.5861622428121837,0.5927284359931946,0.045097872614860535,-0.01344502717256546,0.04519903287291527,0.06765449792146683,0.023406144231557846,0.10267471522092819
4,0.585926750893535,0.5808014273643494,0.0399029903113842,0.002144383266568184,0.04627895727753639,0.07008114457130432,0.02405002899467945,0.05696043744683266
5,0.5843826479274734,0.5843099355697632,0.015107943117618561,0.008562254719436169,0.05195127800107002,0.060344163328409195,-0.014345928095281124,-0.030972052365541458
6,0.5844270652122343,0.584938108921051,-0.010095950635150074,-0.0037437400314956903,-0.09518899023532867,0.047910917550325394,0.07257726043462753,-0.07203520089387894
7,0.5832877217034097,0.58246248960495,0.01051944624632597,-0.008686511777341366,0.026854943484067917,0.04434024915099144,0.019474975764751434,-0.029386425390839577
8,0.5826378331975899,0.583380937576294,0.01980205476284027,0.04279886186122894,0.037956155836582184,0.030325142666697502,0.010531492531299591,-0.022601379081606865
9,0.5820350183649101,0.5818216800689697,0.011433518677949905,0.025528082624077797,0.05275531858205795,0.018215473741292953,-0.010525794699788094,-0.028805486857891083
10,0.5819812728325847,0.5817164778709412,0.0010747074615210296,-0.016734957695007324,0.017623236402869225,0.06151146814227104,0.0017275528516620398,-0.058753762394189835
11,0.5817543678438133,0.5806528925895691,0.004581371380481869,0.004159396979957819,-0.03050202503800392,0.048081930726766586,-0.0004727704799734056,0.0016403247136622667
12,0.581399276671622,0.5804381966590881,-0.005120480433106422,0.011191101744771004,-0.014023825526237488,0.08934856951236725,-0.07337452471256256,-0.038743723183870316
13,0.5809951967555984,0.579943835735321,0.015633512916974724,0.021141652017831802,0.02063637226819992,0.014261147938668728,0.02103816531598568,0.0010902270441874862
14,0.5815320343141132,0.5806137919425964,0.023829980567097665,0.03289349377155304,-0.04476732015609741,0.08987265080213547,-0.022867565974593163,0.06401864439249039
15,0.5802911920586096,0.580729067325592,0.005912604928016663,-0.006226723548024893,0.012163916602730751,0.014262192882597446,0.00722729554399848,0.0021363431587815285
16,0.5812857932889992,0.5864226222038269,-0.014648082852363586,-0.025692086666822433,-0.06161103770136833,0.11012633144855499,-0.09104681015014648,-0.005016811192035675
17,0.5810290502633161,0.5802229046821594,-0.015536157786846161,0.009779538959264755,-0.0195640679448843,0.0,-0.023589765653014183,-0.044306494295597076
18,0.5812205573325215,0.5787565112113953,0.012679833639413118,0.021294567734003067,-0.013064405880868435,0.07185841351747513,-0.020288968458771706,0.003599561285227537
19,0.5810510426880378,0.5818915367126465,-0.00494542060769163,-0.039050761610269547,0.0,-0.014610683545470238,-0.00046193107846193016,0.02939627319574356
20,0.5803820034752973,0.5798205733299255,-0.010373155772686004,-0.007928645238280296,0.0014673080295324326,0.015022382140159607,-0.11149180680513382,0.05106498301029205
21,0.5802841495405807,0.579478919506073,-0.009415706060826779,-0.029477203264832497,0.0,-0.01167325209826231,0.003069370985031128,-0.008997445926070213
22,0.5800678701053265,0.5800914168357849,-0.0014196823351085186,-0.044108521193265915,0.014858836308121681,-0.026199478656053543,0.002398983109742403,0.04595176875591278
23,0.5806394260421939,0.5814579129219055,-0.007668141694739461,0.0021055841352790594,0.0,0.0,0.0,-0.040446292608976364
24,0.580529958130377,0.57942795753479,-0.003651271003764123,0.01958516426384449,-0.0007326742052100599,0.0,-0.027368556708097458,-0.009740288369357586
25,0.5805057417525936,0.579067051410675,0.00397946648299694,-0.004796165972948074,0.0,0.017410870641469955,0.0,0.007282627746462822
26,0.5801163028608932,0.5836474895477295,-0.02035021111369133,-0.03104975074529648,0.02990397997200489,-0.027377931401133537,-0.018428180366754532,-0.05479917302727699
27,0.5800812756001708,0.5810671448707581,0.01880454421043396,0.0940227210521698,0.0,0.0,0.0,0.0
28,0.5795648860545294,0.5816415548324585,-0.0124115239828825,0.0,-0.038066316395998,0.0,0.0,-0.023991303518414497
29,0.5793165446293016,0.5852583646774292,0.007430924475193024,0.02082689292728901,0.0,0.0,0.0,0.01632772944867611
30,0.5800553912575911,0.5794157385826111,0.007250084448605776,0.030308065935969353,0.0,0.0,0.0,0.0059423563070595264
31,0.5797287790398848,0.5801359415054321,0.011023253388702869,0.017238756641745567,0.0,0.0,0.022468840703368187,0.015408669598400593
32,0.5800700322819142,0.5800904631614685,-0.0003631157334893942,0.0,-0.001815578667446971,0.0,0.0,0.0
33,0.5795587084071356,0.5803998708724976,0.006591159477829933,0.0,-0.012650027871131897,0.014610687270760536,0.030995137989521027,0.0
34,0.5787079228080718,0.5802774429321289,0.009019326325505972,0.01849544607102871,0.005929398816078901,0.02067178674042225,0.0,0.0
35,0.579802540149766,0.5802010893821716,0.0017991289496421814,0.0,0.0,0.0,0.0,0.008995644748210907
36,0.5794936577800797,0.5807527303695679,0.006415976770222187,0.032444827258586884,0.02916531451046467,-0.012304072268307209,-0.017226185649633408,0.0
37,0.5792779343330908,0.5811335444450378,0.0128427654504776,0.04041687026619911,0.0,0.0,-0.014187239110469818,0.03798419609665871
38,0.5789732527636323,0.5824728012084961,3.911033272743225e-05,0.01695369929075241,0.0,0.0,0.0,-0.01675814762711525
39,0.5798514053406503,0.5813391804695129,0.008579935133457183,0.0,0.0,0.0,0.04289967566728592,0.0
40,0.5789907972822305,0.5792824625968933,0.0001254640519618988,0.02304936945438385,0.034885626286268234,0.0,0.0,-0.05730767548084259
41,0.5791858256104504,0.5801945924758911,-0.0010482913814485074,0.0,-0.0052414569072425365,0.0,0.0,0.0
42,0.5794235414821609,0.5814874768257141,-0.012646424770355224,0.0,-0.01801004633307457,0.0,0.0,-0.04522207751870155
43,0.5791538253969509,0.5807799100875854,0.01629285290837288,0.0,0.018649637699127197,0.0,-0.04105508700013161,0.1038697138428688
44,0.5794796962969699,0.5806964635848999,0.003351452201604843,0.0,0.0,0.028690092265605927,0.0,-0.01193283125758171
45,0.5791927445755314,0.5794205069541931,0.020169086195528506,0.021906614303588867,0.02112468332052231,-0.008195499889552593,0.029532793909311295,0.03647683933377266
46,0.5791100876534033,0.5790257453918457,0.004879079014062882,0.04729819670319557,-0.022902801632881165,0.0,0.0,0.0
47,0.5792385209427189,0.5797361731529236,-0.000919719785451889,0.026473412290215492,0.017518114298582077,-0.029613085091114044,0.0,-0.01897704042494297
48,0.5786547332640118,0.5801976919174194,-0.003584027849137783,-0.029537539929151535,0.0,0.0,0.01161740068346262,0.0
49,0.5787659926935729,0.5812334418296814,0.0011337780859321355,0.011513657867908478,0.0,0.0,-0.009337111376225948,0.0034923439379781485
50,0.5791961422815979,0.5797432065010071,0.00793596301227808,0.026117753237485886,0.0,0.0,0.013562061823904514,0.0
51,0.5789904266233868,0.579692006111145,-0.0012937205843627452,-0.01695369742810726,0.003626536577939987,0.0,0.0,0.006858557928353548
52,0.5785191339037197,0.5810361504554749,0.0,0.0,0.0,0.0,0.0,0.0
53,0.5789340247026822,0.5802170634269714,-0.0070396121591329575,-0.013248646631836891,-0.021949414163827896,0.0,0.0,0.0
54,0.5791262113131009,0.5799800753593445,-0.011490340903401374,-0.027746954932808876,-0.023726871237158775,0.0,0.0,-0.005977878347039223
55,0.5787675988818952,0.5794463753700256,0.010593707067891955,0.04919050633907318,0.0037780290003865957,0.0,0.0,0.0
56,0.5784821915723052,0.5820144414901733,-0.02827754206955433,-0.09741564840078354,-0.017859505489468575,-0.02611255645751953,0.0,0.0
57,0.5784294344635628,0.5811788439750671,-0.0024832049384713173,0.011369205079972744,0.0,0.0,0.0,-0.02378522977232933
58,0.5784299904518282,0.5793890357017517,0.0027672970667481423,0.013836485333740711,0.0,0.0,0.0,0.0
59,0.5784092953330592,0.5793411135673523,-0.0012807252816855908,0.0,0.0,0.0,-0.006403626408427954,0.0
60,0.5785597828235703,0.5789469480514526,-0.02139122597873211,-0.022936588153243065,0.0,-0.08401954174041748,0.0,0.0
61,0.5783862527082806,0.5792747735977173,0.00847547287121415,0.0,0.0,0.0,0.04005013406276703,0.002327230293303728
62,0.5786501618049406,0.582809329032898,0.0040707305073738095,0.02035365253686905,0.0,0.0,0.0,0.0
63,0.578428260710558,0.5803259611129761,0.0006923322565853596,0.0,0.00966684240847826,-0.006205181125551462,0.0,0.0
64,0.5783572177655301,0.5815053582191467,-0.004526050761342049,-0.022630253806710243,0.0,0.0,0.0,0.0
65,0.5788068269428454,0.580664336681366,0.0,0.0,0.0,0.0,0.0,0.0
66,0.5782630704192497,0.5807283520698547,-0.005803484097123146,0.0,-0.04512343183159828,0.0,0.01610601134598255,0.0
67,0.5784095424389549,0.5793314576148987,0.002017136849462986,0.0,0.0,0.01008568424731493,0.0,0.0
68,0.5781234555881516,0.5793408751487732,-0.0030373815447092057,0.0,0.0,-0.015186907723546028,0.0,0.0
69,0.5785593503882528,0.5787201523780823,0.0017226157011464237,0.001600113813765347,0.0,0.007012964691966772,0.0,0.0
70,0.5779769217919725,0.5817993879318237,-0.0010862033814191818,-0.018729547038674355,0.0,0.0,0.053991932421922684,-0.04069340229034424
71,0.5784223919455339,0.5803554654121399,-0.037775515019893645,-0.06729647517204285,-0.04378882050514221,0.0,-0.04715424403548241,-0.030638035386800766
72,0.578397681355959,0.5801193118095398,0.014027541875839234,0.06933066248893738,0.0,-0.01814679056406021,0.0,0.018953837454319
73,0.5782426841828504,0.5799314975738525,0.0033308885991573333,0.0,0.06323850899934769,-0.04658406600356102,0.0,0.0
74,0.5778540483853112,0.5793725252151489,0.0003991220146417618,0.020553020760416985,0.0,-0.018557410687208176,0.0,0.0
75,0.5780986832221028,0.5799254775047302,0.010200002416968345,-0.029572680592536926,0.0,0.02511332742869854,0.0,0.055459365248680115
76,0.578235209229504,0.579393744468689,-0.0024896977469325066,0.0,0.0,0.008493996225297451,-0.020942484959959984,0.0
77,0.5776459852210906,0.5815409421920776,-0.012327351793646812,0.008846057578921318,0.0,-0.014319662004709244,-0.056163154542446136,0.0
78,0.578093493998292,0.5790506601333618,-0.006400589644908905,0.0,0.0,0.0,0.0,-0.032002948224544525
79,0.577985261615954,0.5793008208274841,-0.010025988519191741,-0.05012994259595871,0.0,0.0,0.0,0.0
80,0.5781106060815726,0.5798895955085754,-0.00888559240847826,0.0,0.0,-0.00010171346366405487,-0.004255457781255245,-0.040070790797472
81,0.5779334929307945,0.579929769039154,-0.010337194055318832,0.0,0.0,0.0,0.0,-0.05168597027659416
82,0.5777426654028024,0.5801498889923096,-0.017537091113626956,-0.06779325753450394,0.0,-0.03595526143908501,0.02935418300330639,-0.01329111959785223
83,0.5776729197637273,0.5805119276046753,0.0009839674457907677,0.0,0.0,0.0,0.004919837228953838,0.0
84,0.5778300791134235,0.5805264115333557,0.00409594401717186,0.0,0.0204797200858593,0.0,0.0,0.0
85,0.5779144657768218,0.5807434916496277,-0.004121623141691089,0.0,-0.01737375371158123,0.0,0.0,-0.0032343619968742132
86,0.5776289349142839,0.5800766348838806,0.010606239922344685,0.009779540821909904,0.05489176884293556,0.0,-0.011640110053122044,0.0
87,0.5775358377680605,0.5799283981323242,-0.001817268505692482,-0.009779540821909904,0.0,-0.04130617156624794,0.041999369859695435,0.0
88,0.5775622163224317,0.5797742605209351,-0.0010405659675598144,-0.0452529601752758,0.0,0.0,0.04005013033747673,0.0
89,0.5775533822866586,0.5795633792877197,-0.004375631501898169,0.006284626200795174,0.01614956744015217,0.0015110403764992952,0.0,-0.045823391526937485
90,0.577728271484375,0.5800257921218872,0.003376886062324047,0.025097714737057686,-0.00821328442543745,0.0,0.0,0.0
91,0.5776838541996141,0.5799315571784973,-0.0037220783531665804,0.004099210724234581,-0.022709602490067482,0.0,0.0,0.0
92,0.5776085486778846,0.5801893472671509,0.0025750532746315,0.0,0.006927359849214554,0.0,0.0,0.005947906523942947
93,0.5775735831936362,0.5799751877784729,-0.01588972508907318,-0.0794486254453659,0.0,0.0,0.0,0.0
94,0.5776266491847483,0.5797759294509888,0.001237359002698213,0.026386305689811707,0.0,-0.00022635370260104537,-0.019973156973719597,0.0
95,0.5778968594817497,0.5799314975738525,0.00949107762426138,0.0,0.0,0.01461068820208311,0.032844699919223785,0.0
96,0.577775530486937,0.5800837874412537,-0.008001749217510224,0.0,-0.06514261662960052,0.042543672025203705,-0.017409801483154297,0.0
97,0.5773573037583818,0.5798265337944031,-0.006528870016336441,-0.032644350081682205,0.0,0.0,0.0,0.0
98,0.5776113903956858,0.579958438873291,0.002765467099379748,0.0,0.0,0.0032044455874711275,0.010830903425812721,-0.00020801351638510823
99,0.5773468635342864,0.5799877643585205,0.002803672105073929,0.014018360525369644,0.0,0.0,0.0,0.0
100,0.5776218306197811,0.5799838304519653,-0.0038437405601143837,-0.024366246536374092,0.005147543735802174,0.0,0.0,0.0
epoch-100, training batch size-8, eval batch size-4 