text,true_anger,true_fear,true_joy,true_sadness,true_surprise,step1_pred_anger_present,step1_pred_fear_present,step1_pred_joy_present,step1_pred_sadness_present,step1_pred_surprise_present,step2_pred_anger_intensity,step2_pred_fear_intensity,step2_pred_joy_intensity,step2_pred_sadness_intensity,step2_pred_surprise_intensity,final_pred_anger,final_pred_fear,final_pred_joy,final_pred_sadness,final_pred_surprise
He changed our last name ever-so-slightly and was never caught.,0,0,0,0,2,0,1,1,0,1,0,1,1,0,1,0,1,1,0,1
They just never went away.,0,1,0,2,0,0,1,0,1,0,1,0,0,2,0,0,0,0,2,0
"""Well I have loads, you can share mine"".",0,0,1,0,0,0,0,1,0,0,0,0,1,0,0,0,0,1,0,0
Pretty much everyone objected to my wedding.,1,1,0,2,1,1,1,0,0,1,1,0,0,1,1,1,0,0,0,1
"I was in better bike shape last year, and had more ski-time on my legs.",0,0,0,0,0,0,0,1,0,0,0,0,1,0,0,0,0,1,0,0
"Somehow, while scrubbing the left side of my face with my left hand, my left pinkie went up my left nostril really, really fast and really, really hard, and drew blood.",0,1,0,0,1,0,1,0,1,1,0,3,0,1,1,0,3,0,1,1
"At about 4 i was running with a pole with one end in my mouth, i tripped and it went straight through the top of my mouth.",0,2,0,0,1,0,1,0,0,1,0,2,0,1,1,0,2,0,0,1
No one else in the class did.,0,0,0,1,1,0,0,0,0,1,0,0,0,0,0,0,0,0,0,0
My tongue had sucked it up and the hole was closed.,0,0,0,0,1,0,0,0,0,0,0,1,0,1,0,0,0,0,0,0
"Because this is a karma thread, you know how this ends.",0,0,0,0,1,1,1,0,0,0,1,1,0,0,1,1,1,0,0,0
"Nothing, so if i can illuminate the flying object, then i will have a rough estimate about its height.",0,1,0,0,1,0,1,0,0,0,0,1,0,0,1,0,1,0,0,0
"""How the hell did you get her down?!",2,1,0,0,2,1,1,0,0,1,2,1,0,0,2,2,1,0,0,2
"There were a few storage boxes in the laundry room, including some old stuffed toys and craft supplies.",0,0,1,0,0,0,0,1,0,0,0,0,0,0,0,0,0,0,0,0
"I literally fell to my knees and said, `` Oh, not my Ellen! ''",0,1,0,2,0,1,1,0,1,1,0,1,0,0,2,0,1,0,0,2
"Needless to say, there is more to this story, but as I have already written quite a long post, I will leave this as it is for now.",0,0,0,0,0,0,0,1,0,0,0,0,0,0,0,0,0,0,0,0
I make it a habit of sitting with my back facing a wall so I could see everything and everyone.,0,1,0,0,0,0,0,0,0,0,0,0,0,0,0,0,0,0,0,0
"the new apples of my eye, as promised.",0,0,1,0,0,0,0,1,0,0,0,0,1,0,0,0,0,1,0,0
The whole time i couldn't see because my toes were blocking my view.,0,0,0,0,0,0,1,0,1,0,0,2,0,1,0,0,2,0,1,0
"The room was small but brightly lit and I sat on a two-seater couch facing the counselor across the room, as opposed to lounging on my back while staring at the ceiling with the lights dimmed.So what did I learn?",0,0,0,0,0,0,0,1,0,0,0,0,0,0,0,0,0,0,0,0
"But theres nothing, i can see clear",0,1,0,1,1,0,1,0,0,1,0,2,0,1,1,0,2,0,0,1
But then I realized... it wasn't in my spine.,0,1,0,0,1,0,1,0,0,1,0,1,0,0,1,0,1,0,0,1
She's into extreme bondage.,0,1,0,0,2,1,1,0,1,0,1,3,0,2,0,1,3,0,2,0
The second was one sentence saying I have arthritis in my knee.,0,0,0,2,0,0,1,0,1,0,0,1,0,1,0,0,1,0,1,0
I read EVERYTHING I could get my hands on.,0,0,1,0,0,0,0,1,0,0,0,0,1,0,0,0,0,1,0,0
With a close knit community people who knew weren't going to rat us out either.,0,0,0,0,0,0,0,1,0,0,0,1,1,0,0,0,0,1,0,0
Not creepy but ghostly.,0,2,0,0,1,0,1,0,0,1,0,1,0,0,1,0,1,0,0,1
Has this happened to anyone else?,0,1,0,0,1,0,1,0,0,1,0,1,0,0,1,0,1,0,0,1
"Maybe I benefit from inflicting my suffering on my characters $ ) CHAPTER FIFTEEN I sat on the beneath a clouded night sky, knees tucked up to my chin, staring at the bloodstained patch of grass where James's body had fallen.",0,1,0,3,0,0,1,0,1,0,0,1,0,1,0,0,1,0,1,0
"""  I'm like ""sure.",0,0,1,0,0,0,0,1,0,0,0,0,1,0,0,0,0,1,0,0
"I woke with a start, a sudden chill that spread to the tip of my nose, and found a small note resting delicately on my sheets beside my hand.",0,1,0,0,1,0,1,0,0,1,0,1,0,0,1,0,1,0,0,1
We noped out of there pretty fast.,0,2,0,0,1,0,1,1,0,0,0,1,1,0,0,0,1,1,0,0
Yeah that's what the yellow thing is that's around my neck.,0,0,0,0,0,0,0,0,0,0,0,1,0,0,0,0,0,0,0,0
"Now, my ankle has been hurting for several weeks, but nothing like this.",0,1,0,2,0,0,0,0,1,0,0,0,0,1,0,0,0,0,1,0
"Oh, my head is heavy-therefore I look so straight ahead, as I sway about.",0,1,0,0,0,0,1,0,0,0,0,1,0,0,0,0,1,0,0,0
The children felt like they were being told telepathically that there was great danger ahead.,0,3,0,0,2,0,1,0,0,0,0,3,0,0,1,0,3,0,0,0
That day was a lovely day for people on the internet.,0,0,2,0,0,0,0,1,0,0,0,0,2,0,0,0,0,2,0,0
I had my eyes wide open for traps or situations that seemed destined to be trouble.,0,2,0,0,0,0,1,1,0,0,0,2,0,0,0,0,2,0,0,0
"My eyes followed, noting that there was just the two of us.",0,0,0,0,0,0,0,0,0,0,0,0,0,0,0,0,0,0,0,0
The great insect disappeared into the wall and I brushed my teeth in my room instead.,0,0,0,0,0,0,1,0,0,0,0,1,0,0,1,0,1,0,0,0
"Once, while lying in bed falling asleep, I felt that the zombie apocalypse was beginning at that very moment.",0,3,0,0,2,0,1,0,0,1,0,2,0,0,2,0,2,0,0,2
The blank stare turned to extreme rage.,3,1,0,0,2,1,1,0,0,0,2,1,0,0,2,2,1,0,0,0
"its actually a lil funny that i felt like shit all day, and now i feel so much better now that ive gotten all this off my chest.",0,0,1,1,0,0,1,1,1,0,0,0,1,1,0,0,0,1,1,0
My legs shaky and wobbly but over charged with energy to get moving.,0,1,1,0,0,0,1,0,0,0,0,2,0,0,0,0,2,0,0,0
I again told myself to wake up.,0,2,0,1,0,0,1,0,0,0,0,1,0,0,0,0,1,0,0,0
I still suffer from sleep paralysis from time to time (when stressed or nervous).,0,3,0,1,0,0,1,0,1,0,0,2,0,1,0,0,2,0,1,0
I've been inspired to try my hand at couponing for the following reasons: 1.,0,0,1,0,0,0,1,1,0,0,0,0,1,0,0,0,0,1,0,0
"Fast forward to the wedding, it's small and intimate, probably less than 50 people there, and they have the reception at some hotel with a bar.",0,0,1,0,0,0,0,1,0,0,0,0,1,0,0,0,0,1,0,0
"In my rush to get out the house I had totally forgot about the pain In my side, the nerves seemed to have taking over my entire body as I slowly made my way across the street and up her path, I stopped a few times to catch my breath, the nerves were crippling me and causing my lungs to work extra hard, I hated the effect she had on me but at the same time I craved it she was like the drug to my addiction.",0,2,0,2,0,0,1,0,1,0,0,2,0,1,0,0,2,0,1,0
"I woke up that morning feeling awful, and begged my mom to stay home from school.",0,1,0,3,0,0,1,0,1,0,0,2,0,3,0,0,2,0,3,0
Put your ray gun to my heeeeeead!,0,2,0,0,1,0,1,1,0,1,0,1,0,0,1,0,1,0,0,1
"Rather than using super-heavy DB's that slow me down because my arms wear out, it was interesting to do manmakers at a lighter weight so that it was my lack of conditioning that forced me to slow down.",0,0,0,0,0,0,1,0,1,0,0,1,0,1,0,0,1,0,1,0
"One day, one went missing.",0,1,0,1,1,0,1,0,1,1,0,2,0,1,2,0,2,0,1,2
This made matters worse.,1,1,0,1,0,0,1,0,1,0,0,2,0,1,1,0,2,0,1,0
They sent it to her again with a card saying Happy Mother's Day (she cannot have kids btw).,2,0,0,1,1,0,0,1,0,0,0,0,1,0,1,0,0,1,0,0
"The front page caught my eye; on it was a lengthy list of medical conditions, some five hundred or so altogether.",0,1,0,0,1,0,0,0,0,1,0,1,0,0,1,0,0,0,0,1
"Oh, and I noticed an odd effect from eating ripe honeydew melon; this raspy, raw feeling in my chest, like a cold was coming on.",0,1,0,0,0,0,1,0,1,0,0,2,0,1,0,0,2,0,1,0
I looked through the peep-hole.,0,2,0,0,1,0,1,0,0,0,0,1,0,0,1,0,1,0,0,0
Maybe I need to take a full day of rest and not do anything exercise-related for one day to help my legs feel better.,0,1,0,1,0,0,1,0,0,0,0,1,0,0,0,0,1,0,0,0
"I wandered down to the end of the block a couple times and caught bits of the band around the corner playing Tom Petty's, Listen To Her Heart and The Sultans of Swing, the old Dire Straits song.",0,0,1,0,0,0,0,1,0,0,0,0,1,0,0,0,0,1,0,0
"some days its like there is a fog sitting on top of my brain, and i can't seem to get rid of it.",0,2,0,2,0,0,1,0,1,0,0,2,0,1,0,0,2,0,1,0
Welcome to the month from passive aggressive hell.,2,1,0,1,0,1,0,0,0,0,2,1,0,0,0,2,0,0,0,0
I leaned my head back on the headrest and closed my eyes.,0,0,1,0,0,0,0,0,0,0,0,0,0,0,0,0,0,0,0,0
Then things get weird.,0,2,0,0,2,0,1,0,0,1,0,2,0,0,2,0,2,0,0,2
"My eyes scanned the place, looking for Cody and I found him; wrestling on the sand with monkey boy for a volleyball.",0,0,1,0,0,0,1,1,0,0,0,0,1,0,0,0,0,1,0,0
I want to get a tattoo and my nose pierced in Ireland.,0,0,1,0,0,0,0,1,0,0,0,0,1,0,0,0,0,1,0,0
"I still remember this occasionally, clear as day.",0,0,1,1,1,0,0,0,0,0,0,0,0,0,0,0,0,0,0,0
So we went to City Island where i was having my nails done.,0,0,1,0,0,0,0,1,0,0,0,0,1,0,0,0,0,1,0,0
There were lots of English songs so I eventually got into it even though my ear was not happy.,0,0,0,0,0,0,0,1,0,0,0,1,1,0,0,0,0,1,0,0
This greatly accelerated the pickles necrosing.,0,1,0,0,1,1,1,0,0,0,1,2,0,0,1,1,2,0,0,0
Wait around... Getting pissed.,3,1,0,0,0,1,1,0,0,0,2,1,0,0,0,2,1,0,0,0
"as usual, i feel like im carrying too much burdens in my heart.",0,1,0,2,0,0,0,0,1,0,0,0,0,1,0,0,0,0,1,0
I could not wipe the smile off my face.,0,0,3,0,0,0,0,1,0,0,0,0,3,0,0,0,0,3,0,0
"I started slipping on my cloths that were scattered over the room, that's when it caught my eye.",0,0,0,0,1,0,0,0,0,1,0,0,0,0,1,0,0,0,0,1
"Because I haven't trained for this run at all, my legs gave up on me around 10 miles in.",0,2,0,1,0,0,1,0,1,0,0,1,0,1,0,0,1,0,1,0
Then I looked in the mirror and my eyes fell down the moment I saw my reflection.,0,1,0,2,0,0,0,0,0,0,0,0,0,0,0,0,0,0,0,0
I broke my leg with an egg dish.,0,2,0,1,1,0,1,0,1,0,1,1,0,1,0,0,1,0,1,0
"Atm i feel like crying coz when i was attempting the pass year paper, these two types of question never let my brain get cracked to give the right answer.",0,2,0,2,0,0,1,0,1,0,0,1,0,2,0,0,1,0,2,0
plus ( wah wah wah ) my feet hurt.,0,1,0,1,0,0,1,0,0,0,0,1,0,0,0,0,1,0,0,0
"Alas, I still can't go swimming because my hands can't be wet for a while without being stupid But I can wade?",0,0,1,1,0,0,1,0,0,0,0,1,0,0,0,0,1,0,0,0
Do we just leave?,0,2,0,0,1,0,1,0,0,0,0,2,0,1,0,0,2,0,0,0
It looks weird to say the least,0,1,0,0,1,0,1,0,0,1,0,1,0,0,1,0,1,0,0,1
"Needless to say, everyone was annoyed with me.",1,0,0,1,0,1,0,0,0,0,2,0,0,0,0,2,0,0,0,0
"I wanted to open my eyes, to make the bad dream go away.",0,3,0,1,0,0,1,1,1,0,0,2,1,1,0,0,2,1,1,0
It was like a bomb went off in my head.,0,2,0,2,0,0,1,0,0,1,0,3,0,1,1,0,3,0,0,1
"Around 5am, still dark.",0,1,0,0,0,0,1,0,0,0,0,1,0,0,0,0,1,0,0,0
Here is where things get strange...,0,1,0,0,2,0,1,0,0,1,0,2,0,0,2,0,2,0,0,2
"It's also on the front of my upper legs, the back of my lower legs, and the tops of my feet.",0,0,0,0,0,0,0,0,0,0,0,1,0,0,0,0,0,0,0,0
"They find this man, still in her backseat, along with a shovel, rope and quicklime in the trunk.",0,3,0,0,3,1,1,0,1,1,0,2,0,1,2,0,2,0,1,2
"I was doing so well, just throwing everything as far as I could ( and I actually getting some enjoyment out of the crunching sound they made when they hit the ground ) when out of the corner of my eyes, I see my giant childhood teddy bear ( appropriately named `` Mr. Bear. '' )",0,0,1,0,1,0,0,1,0,0,0,0,1,0,1,0,0,1,0,0
There was a swath of terrain in between two apple trees that had been tamped down.,0,1,0,0,1,0,1,0,0,1,0,1,0,0,1,0,1,0,0,1
I cant stop that.,1,2,0,1,0,1,1,0,0,0,2,2,0,0,0,2,2,0,0,0
I smiled and licked my lips.,0,0,1,0,0,0,0,1,0,0,0,0,2,0,0,0,0,2,0,0
I was on a (admittedly silly) adrenaline rush.,0,1,2,0,1,0,1,1,0,0,0,1,2,0,0,0,1,2,0,0
"But my foot doesn't walk half a mile without pain, I've got a streaming cold that's refused to go away for a week, and as well as being entirely idle, I've got an aversion to crowds, actually an aversion to more than three people on the street at the same time.",0,2,0,1,0,0,1,0,1,0,0,1,0,1,0,0,1,0,1,0
Still not quite understanding what I was seeing I nervously called out my friend's name.,0,2,0,0,2,0,1,0,0,0,0,2,0,0,0,0,2,0,0,0
"Technology promised a new world, more at least than what was being offered my heart.",0,0,0,1,0,0,0,1,0,0,0,0,1,0,1,0,0,1,0,0
On this monday I went in to get my radiation treatment and couldnt stop crying from the pain in my leg.,0,2,0,2,0,0,1,0,1,0,0,2,0,3,0,0,2,0,3,0
My finger is an asshole.,2,0,0,0,0,1,0,0,0,0,1,0,0,0,0,1,0,0,0,0
"I was alone on the other side of the world at a volatile and potentially dangerous time, but I am sure I had a look on my face that said `` stay the hell away from me. ''",3,3,0,1,0,0,1,0,1,0,0,2,0,0,0,0,2,0,0,0
"I stumbled out of bed, probably 4 in a morning in a most-asleep daze and went to the bathroom.",0,1,0,0,0,0,1,0,0,0,0,2,0,0,0,0,2,0,0,0
I smiled and embraced myself as a single tear dripped down my cheek.,0,0,1,1,0,0,0,1,0,0,0,0,1,1,0,0,0,1,0,0
NEVER saw the kid again.,0,0,0,1,0,0,1,0,1,0,0,1,0,2,1,0,1,0,2,0
The best part however was when she jumped into the pictures and pushed the dog into my hands.,0,0,1,0,1,0,0,1,0,1,0,0,2,0,0,0,0,2,0,0
As you can imagine word spread like wildfire.,0,0,0,0,1,0,1,0,1,1,0,1,0,0,1,0,1,0,0,1
THEY STOLE MY BALLOON!,3,0,0,0,2,1,1,0,0,1,2,1,0,0,2,2,1,0,0,2
She just saw red.,3,0,0,0,0,0,1,0,0,1,0,2,0,0,2,0,2,0,0,2
I farted and a little nugget fell out onto the floor.,0,0,1,0,2,0,1,1,0,1,0,1,0,0,1,0,1,0,0,1
There was also the sensation of something at my back at this point like a crustacean that I had to ask to leave.,0,2,0,0,0,0,1,0,0,0,0,2,0,0,0,0,2,0,0,0
"Suddenly I see it crouching on the floor, its bagged head hung low beneath its shoulders.",0,3,0,0,3,0,1,0,0,1,0,2,0,1,2,0,2,0,0,2
so we all stood up clapped and cheered!,0,0,3,0,1,0,0,1,0,0,0,0,3,0,0,0,0,3,0,0
"Gin is escaping from my pores like an invisible gas, my head is beginning to spin, and the wind chimes are clanging outside in the night breeze.",0,2,0,0,0,0,1,0,0,0,0,1,0,0,0,0,1,0,0,0
Hope someone reads this far down :),0,0,1,0,0,0,0,1,0,0,0,0,1,0,0,0,0,1,0,0
"But I never fell out, so it wasn't a problem.",0,1,1,0,0,0,0,1,0,0,0,0,0,0,0,0,0,0,0,0
My back started aching.,0,1,0,0,0,0,1,0,1,0,0,1,0,1,0,0,1,0,1,0
It mattered not that I could no longer feel my legs below the knees as the cold January water cut off my circulation.,0,3,0,1,0,0,1,0,1,0,0,2,0,1,0,0,2,0,1,0
"Thankfully, we were required to wear black pants so most was hidden.",0,1,1,0,0,0,1,1,0,0,0,1,1,0,0,0,1,1,0,0
Yeah it was a little embarrassing.,0,1,0,1,0,0,1,0,0,0,0,1,0,1,0,0,1,0,0,0
"My toes curled, this time in frustration, and my eyes narrowed as I stubbornly continued to look.",2,0,0,0,0,1,1,0,1,0,1,1,0,1,0,1,1,0,1,0
It was quite old.,0,0,0,0,1,0,0,0,0,1,0,0,0,0,1,0,0,0,0,1
"Black permanent marker covered the face of the music player, Words and phrases like '' '' were sloppily written in my hand writing.",0,0,0,0,0,0,0,0,0,0,0,0,0,0,0,0,0,0,0,0
Still have adamn scar on my face from that.,0,0,0,1,0,0,1,0,1,0,0,1,0,1,0,0,1,0,1,0
With my knees.,0,0,0,0,0,0,0,0,0,0,0,0,0,0,0,0,0,0,0,0
Blood On My Hands ( 2:16 ) 07.,1,2,0,1,0,0,1,0,1,0,0,1,0,1,0,0,1,0,1,0
"White shirt, blue jeans.",0,0,0,0,0,0,0,0,0,0,0,0,0,0,0,0,0,0,0,0
My face hurt from laughing so much!,0,0,3,0,0,0,0,1,0,0,0,0,2,0,0,0,0,2,0,0
"Sitting in a dark hallway, with flickering lights, Always need to be flickering lights.",0,2,0,1,0,0,1,0,0,0,0,2,0,0,0,0,2,0,0,0
i hide my face and become someone else for a little while.,0,2,0,1,0,0,1,0,1,0,0,1,0,1,0,0,1,0,1,0
"This expresses itself in other, smaller ways.",0,0,0,0,0,0,0,0,0,0,0,0,0,0,0,0,0,0,0,0
I explain that between us we have no other form of payment.,0,0,0,0,0,0,1,0,1,0,0,1,0,0,0,0,1,0,0,0
"My stepmom didn't allow it to happen, but my grandpa didn't see why it was a big deal to have a funeral on my birthday... thanks papa.",1,0,0,2,0,0,0,0,1,1,1,0,0,1,1,0,0,0,1,1
Most tend to be more negative.,1,0,0,1,0,1,0,0,0,0,1,0,0,0,0,1,0,0,0,0
I had to be flown to the hospital.,0,3,0,1,1,0,1,0,1,0,0,2,0,2,0,0,2,0,2,0
"A feeling of triumph surged through me as I listened to the silence that now filled the room, then I turned from the desk and rubbed the sleep from my eyes before taking the four steps it took to get to my dresser.",0,0,2,0,0,0,1,1,0,0,0,0,2,0,0,0,0,2,0,0
"I, however, have a couple of bruises on my arm.",0,0,0,1,0,0,0,0,0,0,0,0,0,1,0,0,0,0,0,0
"As soon as we stop making distinctions, we eliminate racism.",0,0,1,0,0,1,0,0,0,0,1,0,0,0,0,1,0,0,0,0
"Of course, my ankles promptly gave way, and I floundered into his grasp.",0,2,0,1,0,1,1,0,1,0,0,2,0,0,0,0,2,0,0,0
He saw a cute girl holding up three fingers.,0,0,1,0,0,0,0,1,0,1,0,0,1,0,1,0,0,1,0,1
Again I was conflicted in my mind because a few days ago he had held my hand and looked at my thumb and I felt nothing---not even one stray tingle.,0,0,0,2,0,0,1,0,1,0,0,1,0,1,0,0,1,0,1,0
My parents took me up there for my 16th birthday.,0,0,1,0,0,0,0,1,0,0,0,0,1,0,0,0,0,1,0,0
And the turbulence and near-death experiences.I hurt my neck again too.,0,3,0,1,0,0,1,0,1,0,0,2,0,2,0,0,2,0,2,0
The man from billards never saw him again.,0,0,0,1,1,0,1,0,1,1,1,1,0,2,1,0,1,0,2,1
Oh I WISH I had seen this earlier because this happened to me THIS WEEK.,0,1,0,0,2,0,1,0,1,1,0,1,0,1,1,0,1,0,1,1
I stopped to look at my watch and my heart suddenly started beating fast.,0,2,0,0,0,0,1,0,0,1,0,2,0,0,0,0,2,0,0,0
"I look at my eyes-sleepy, puffy.",0,0,0,1,0,0,0,0,0,0,0,0,0,1,0,0,0,0,0,0
Ironic seeing as she's basically throwing food down my neck when I'm trying to fast.,1,1,0,0,0,1,1,0,0,0,1,1,0,0,0,1,1,0,0,0
Walking over to their paddocks she saw a Red light just sort of floating it.,0,2,0,0,2,0,1,0,0,1,0,1,0,0,2,0,1,0,0,2
The parallel universe answering machine:,0,0,0,0,2,0,1,1,0,1,0,1,0,0,2,0,1,0,0,2
"In my sleep haze, my arm shot out, blindly, to silence the ringing of my clock-the key word here is `` blindly ''.",0,1,0,0,0,0,1,0,0,0,0,2,0,0,0,0,2,0,0,0
Your sister is a heavy sleeper.,0,0,0,0,0,0,0,0,0,0,0,1,0,0,0,0,0,0,0,0
"' Then, I focused my eyes and looked at it again and saw $ 24.99 and was a little disappointed.",0,0,0,1,0,0,0,0,1,0,0,0,0,1,0,0,0,0,1,0
"I organized a ""taste tripping"" party where you take these Miracle Berry tablets that change the way your tongue tastes food (sour tastes sweet).",0,0,2,0,1,0,1,1,0,1,0,0,1,0,1,0,0,1,0,1
"' By now, a small intense knot of hatred swelling in my stomach.",3,0,0,0,0,1,1,0,0,0,1,1,0,1,0,1,1,0,0,0
The second entry of today: / my brain hurt for answering 30 math question in one day.,0,1,0,0,0,0,1,0,1,0,0,1,0,1,0,0,1,0,1,0
She sat at her Papa's recliner sofa only to move next to me and start clinging to my arms.,0,0,0,0,0,0,1,0,1,0,0,1,0,1,0,0,1,0,1,0
"""Are you sure, sis?",0,2,0,0,1,0,1,0,0,0,0,1,0,0,0,0,1,0,0,0
"The ocean wind is cold and howling in my face, easing a sharp stream of tears out of the left eye.",0,1,0,2,0,0,1,0,1,0,0,1,0,3,0,0,1,0,3,0
A deep thud sound in the room and a grin spread across my face.,0,0,2,0,0,0,1,1,0,0,0,0,2,0,0,0,0,2,0,0
But I spent two days reading and still didn't hit the end of this thread.,1,1,0,0,1,0,0,0,0,0,0,0,0,1,1,0,0,0,0,0
I can even lift my arms above my head.,0,0,1,0,0,0,0,1,0,0,0,0,1,0,0,0,0,1,0,0
"Went to emergency doctor at one hospital, he was happy to send me home after listening to my chest and sent me to Chester Hospital for X-rays etc..",0,1,1,0,0,0,1,0,0,0,0,1,0,0,0,0,1,0,0,0
"Meridian was a fashion-conscious girl, and stored all her dresses in an enormous, solid carved oak dresser, one of three in the dormitory sort of room the girls shared.",0,0,0,0,0,0,0,0,0,0,0,0,0,0,0,0,0,0,0,0
"Upon arrival we were greeted by her Papa, sister, and brother-who also brought a military truck to bring a smile to my face.",0,0,1,0,0,0,0,1,0,0,0,0,2,0,0,0,0,2,0,0
They did the same thing come Mother's Day but guess what?,1,0,0,0,2,0,0,1,0,1,0,0,1,0,1,0,0,1,0,1
Then the cop shows up.,0,2,0,0,2,0,1,0,0,1,0,2,0,0,2,0,2,0,0,2
Weird things tended to happen at night.,0,2,0,0,1,0,1,0,0,1,0,1,0,0,1,0,1,0,0,1
"the cool, packed mud squished between my toes.",0,0,1,0,0,0,1,0,0,0,0,1,0,0,0,0,1,0,0,0
"The next day, I could feel my legs aching a little.",0,0,0,1,0,0,1,0,1,0,0,1,0,0,0,0,1,0,0,0
I felt fucking awesome.,0,0,3,0,0,0,0,1,0,0,0,0,3,0,0,0,0,3,0,0
"For example, if I'm standing at a bank of elevators, I'll mindlessly choose one, stand in front of it, and it'll be the first one to arrive.",0,0,1,0,1,0,0,0,0,1,0,1,0,0,1,0,0,0,0,1
Mistake 5: Allowing my head to rule my heart.,0,1,0,1,0,0,1,0,0,0,0,1,0,1,0,0,1,0,0,0
"I once went down on him to discover, to my great dismay, a rather sizeable piece of TP stuck in his butt hairs",0,1,0,0,2,1,1,0,0,0,0,1,0,0,1,0,1,0,0,0
"It didn't take long before that precious deep-fried gem was in my hands and I savoured every skin, meat, juice and oil.",0,0,2,0,0,0,0,1,0,0,0,0,2,0,0,0,0,2,0,0
A song started to loop inside my head.,0,1,1,0,0,0,0,1,0,0,0,0,0,0,0,0,0,0,0,0
A nice way to get some items off my chest.,0,0,1,0,0,0,0,1,0,0,0,0,1,0,0,0,0,1,0,0
I rolled my eyes and sighed again.,1,1,0,0,0,0,0,0,0,0,0,0,0,0,0,0,0,0,0,0
But I didn't break up with him.,0,0,0,1,0,1,1,1,1,0,0,0,1,1,0,0,0,1,1,0
Then the screaming started.,0,3,0,1,2,0,1,0,0,1,0,3,0,0,2,0,3,0,0,2
"I looked down at my stomach, and realized that all the junk food added some more pounds.",0,0,0,1,0,0,1,0,1,0,0,0,0,1,0,0,0,0,1,0
"I sighed, sat up, and looked down at my stomach.",0,1,0,1,0,0,0,0,0,0,0,0,0,1,0,0,0,0,0,0
"One day not only did they have one, but it was old, yellowed, an a little dusty.",0,0,0,0,1,0,0,0,1,1,0,1,0,1,1,0,0,0,1,1
It was last year when I turned 18th.,0,0,1,0,0,0,0,1,0,0,0,0,1,0,0,0,0,1,0,0
Went to the doctor on Sunday to get my knee all bandaged up.,0,0,0,1,0,0,1,0,1,0,0,1,0,0,0,0,1,0,0,0
I saw it to.,0,0,0,0,1,0,1,0,0,1,0,0,0,0,1,0,0,0,0,1
I still find little golden hairs at random times to this day.,0,0,0,0,1,0,1,0,0,0,0,1,0,0,1,0,1,0,0,0
"So they decided to dabber in ""alternative"" medicine.",0,0,0,0,1,0,1,1,0,1,0,0,1,0,0,0,0,1,0,0
This is my story.,0,0,0,0,0,0,0,0,0,0,0,0,0,0,0,0,0,0,0,0
My venomous snake story is less awesome but the end result is the same:,0,1,0,0,0,1,0,1,0,1,0,0,1,0,1,0,0,1,0,1
=;; I was using a boxcutter to open a box and of course I just had to slide it right across my palm.,0,2,0,1,0,0,0,1,0,0,0,0,0,0,0,0,0,0,0,0
Immediately I regretted leaving behind my sunglasses as my eyes switched to squint mode to protect themselves.,0,1,0,0,0,0,1,0,0,0,0,1,0,1,0,0,1,0,0,0
"Well, I've managed to hurt my back again.",0,1,0,1,0,0,1,0,1,0,0,1,0,1,0,0,1,0,1,0
no energy and my eyes are constantly aching.,0,1,0,1,0,0,1,0,1,0,0,2,0,1,0,0,2,0,1,0
Even if youre right.,0,0,0,0,0,0,0,0,0,0,0,0,0,0,1,0,0,0,0,0
Levi and I arrived in an eye-capturing city that really blew me off my feet.,0,0,2,0,2,0,0,1,0,1,0,0,2,0,1,0,0,2,0,1
"I should interject here, that I prayed on my knees at the alter for a diagnosis at the church of the nazarene-ONE week before this happened... and then three days ago, my doctor sat me down and showed me my lab tests and gave me the pheochromocytoma word, and the two specialist referrals, looked at me and said `` I'm going to get you your life back.",0,2,1,1,0,0,1,0,1,0,0,1,0,1,1,0,1,0,1,0
After that first big experience I started doing some research because I was so confused.,0,2,0,0,1,0,1,0,1,1,0,2,0,1,1,0,2,0,1,1
They were freaked out.,0,3,0,0,1,0,1,0,0,1,0,3,0,0,1,0,3,0,0,1
#NAME?,0,0,0,0,1,0,1,0,0,0,0,2,0,0,0,0,2,0,0,0
"Everyone was rather distraught, as he was widely liked and respected.",0,1,0,3,0,0,0,0,1,0,0,0,0,2,0,0,0,0,2,0
I love telling this story.,0,0,3,0,0,0,0,1,0,0,0,0,3,0,0,0,0,3,0,0
Another one that is far worse happened maybe a year ago.,0,1,0,2,0,0,1,0,0,1,0,1,0,1,1,0,1,0,0,1
"As we hung up the phone, my eyes were even wider than before-and Joe was too.",0,1,0,0,2,0,0,0,0,0,0,0,1,0,1,0,0,0,0,0
"I have tons of insecurities and these always frustrate me because even though I want to do something, the weird way my brain works tells me not to, and so I get confused and insecure about my thoughts.",1,2,0,2,0,1,1,0,1,0,0,2,0,1,0,0,2,0,1,0
This other guy seemed obsessed with this floor and talked about going up there and finding this ghost.,0,2,0,0,1,0,1,0,0,1,0,2,0,1,2,0,2,0,0,2
"We spent the rest of the day riding on rollercoasters-some of which I swear, re-arranged my internal organs and left my brain temporarily in the stratosphere.",0,1,1,0,1,0,1,1,0,1,0,1,1,0,1,0,1,1,0,1
really is omg SMALL haha but my hand also can fit in okay!,0,0,1,0,1,0,0,1,0,0,0,0,1,0,1,0,0,1,0,0
"Of course, Saturday was a complete no-no as my back had completely seized up.",0,2,0,1,0,0,1,0,1,0,0,2,0,1,0,0,2,0,1,0
Terrible at basketball though.,0,0,0,1,0,0,1,0,1,0,1,0,0,1,0,0,0,0,1,0
"It cost us a lot of energy and strength, and my palms still hurt from dragging the damn suitcase, I limp when I walk from all the running and exhaustion $ but I'm home.",0,1,0,1,0,0,1,0,1,0,0,1,0,1,0,0,1,0,1,0
I barely slept that night and didn't tell anyone about it till now.,0,2,0,2,0,0,1,0,1,0,0,2,0,1,0,0,2,0,1,0
It breaks my heart to think about it.,0,0,0,2,0,0,0,0,1,0,0,0,0,3,0,0,0,0,3,0
"As a caretaker, this freaked me out to no end.",0,3,0,0,0,0,1,0,0,0,0,3,0,0,1,0,3,0,0,0
"My stomach had been upset and was bothering me since I woke up, so I stopped at Sonic and got a Sunrise Smoothie for breakfast before heading to work.",0,1,0,1,0,0,1,0,1,0,0,1,0,1,0,0,1,0,1,0
""" And burst into tears.",0,0,0,3,0,0,1,0,1,0,0,0,0,3,0,0,0,0,3,0
But never with someone I'd almost dared to trust my heart to.,0,1,0,2,0,0,1,0,1,0,0,1,0,1,0,0,1,0,1,0
Luckily my friend go out of this situation safely without any punishment.,0,0,2,0,0,0,1,1,0,0,0,1,2,0,0,0,1,2,0,0
The chupacabra legend is pretty big here and in Mexico.,0,1,0,0,1,0,0,1,0,1,0,0,0,0,1,0,0,0,0,1
I've never cried so hard in my life :(,0,1,0,3,0,0,1,0,1,0,0,0,0,3,0,0,0,0,3,0
I remember waiting for him to fall down.,1,1,0,0,0,0,1,0,0,1,0,1,0,0,1,0,1,0,0,1
"I'm thinking of leaving earlier, maybe this week, maybe next week... My heads a mess right now.",0,2,0,1,0,0,1,0,1,0,0,1,0,1,0,0,1,0,1,0
"Every movement of the body below my waist caused pain, in such a way that I could anticipate it and, with a bit of understanding, even cope.",0,2,0,1,0,0,1,0,1,0,0,1,0,1,0,0,1,0,1,0
I am capable of shutting the drawer not only with my hands but also my hip and knees.,0,0,0,0,0,0,0,0,0,0,0,0,0,0,0,0,0,0,0,0
With that definite I have courage to walk up to the line and place my toes proudly getting ready to cross yet it is everything on the dirty mud path that is holding to me and the mud is the mud I am clinging to.,0,1,0,0,0,0,1,0,1,0,0,1,1,0,0,0,1,0,0,0
"My vision repaired itself slowly, and the pain lessened, but the feeling that there was blood gushing out of my head didn't.",0,3,0,1,0,0,1,0,1,0,0,2,0,1,0,0,2,0,1,0
"They were moving away to live with her aunt, somewhere far away.",0,1,0,2,1,0,1,0,1,0,0,1,0,1,0,0,1,0,1,0
"We become  friends with benefits, still inseparable.",0,0,3,0,0,0,0,1,0,0,0,0,3,0,0,0,0,3,0,0
"They don't speak, but communicate through telepathy so the researchers at Area 51 needed the best people who could communicate through telepathy.",0,1,0,0,2,0,1,0,0,1,0,1,0,0,1,0,1,0,0,1
"My face, I could almost swear, is still red, flushing.",0,1,0,0,0,0,0,0,1,0,0,0,0,1,0,0,0,0,1,0
"One particular experience I had at a place called ""Hernando's Bridge"", however, still scares me to this day.",0,3,0,0,1,0,1,0,0,1,0,3,0,0,1,0,3,0,0,1
Mile 20 my feet were starting to get mad.,0,1,0,0,0,1,1,0,0,0,0,1,0,0,0,0,1,0,0,0
"Unfortunately in the second hour, I took an odd stroke and my neck popped.",0,2,0,1,0,0,1,0,1,0,0,1,0,0,0,0,1,0,0,0
"I get cramps and aches in my shoulders when I'm even minutely out of position, just imagine what it's going to be like with a completely different seating system, not to mention an entirely new drive mechanism.",0,2,0,0,0,0,1,0,1,0,0,2,0,0,0,0,2,0,0,0
My heart beat so fast when the beautiful man give Yunho a peck on his left cheek.,0,1,1,0,0,0,0,1,0,0,0,0,2,0,0,0,0,2,0,0
my arms are tired.,0,0,0,0,0,0,0,0,0,0,0,0,0,1,0,0,0,0,0,0
Scary people are out there.,0,2,0,0,0,0,1,0,0,1,0,3,0,0,1,0,3,0,0,1
"i bundled up in four layers, wrapped a scarf around my head walked over 1 bridge and through the woods to set up my installation.",0,0,0,0,0,0,0,0,0,0,0,1,0,0,0,0,0,0,0,0
He brushed my bangs off of my face.,0,0,1,0,0,0,0,1,0,0,0,0,0,0,0,0,0,0,0,0
He was convinced that his grandpa was still alive or whatever.,0,1,0,1,1,0,1,1,0,1,0,1,0,0,1,0,1,0,0,1
"( I breathed in and got cake stuck up my nose, plus I couldn't see with the frosting smudging my glasses.",0,0,0,0,1,0,1,0,0,0,0,1,0,0,0,0,1,0,0,0
With sudden resolution I took my hands from the rail.,0,0,0,0,0,0,1,0,0,0,0,1,0,0,0,0,1,0,0,0
I'm so sorry.,0,0,0,1,0,0,0,0,1,0,0,0,0,2,0,0,0,0,2,0
"My second semester starts today, so while Konnor naps I am laying here on the couch, trying to keep my head up as I alternate between writing and reading the information for my three new classes.",0,1,0,0,0,0,1,0,0,0,0,1,0,0,0,0,1,0,0,0
I honestly didnt know how to handle this.,0,2,0,1,0,0,1,0,1,0,0,2,0,1,0,0,2,0,1,0
Or maybe get my nails done or a massage?,0,0,1,0,0,0,0,1,0,0,0,0,1,0,0,0,0,1,0,0
"( my foot, i think, had stopped bleeding for the most part by now. )",0,1,0,0,0,0,1,0,0,0,0,0,0,0,0,0,0,0,0,0
I was sitting in my bed just typing on my laptop.,0,0,0,0,0,0,0,1,0,0,0,0,1,0,0,0,0,1,0,0
They were extremely close.,0,0,1,0,0,0,0,1,0,0,0,0,1,0,0,0,0,1,0,0
"Well, I did have to get the dentist to stop and let me breathe a minute because the cleaning makes a eeeeeeeeeee noise in my head I Really Don't Like, but that's not panic, that's proper measures to avoid panic.",0,2,0,0,0,0,1,0,0,0,0,3,0,0,0,0,3,0,0,0
Have you just tried talking to the ghost?,0,1,0,0,2,0,1,0,0,0,0,2,0,0,1,0,2,0,0,0
This guy started out OK but quickly became a fucking heroin addict.,3,2,0,1,1,1,1,0,1,1,1,1,0,2,1,1,1,0,2,1
All of the sudden I hear both of them scream bloody murder.,0,3,0,0,2,1,1,0,1,1,0,3,0,0,2,0,3,0,0,2
At this point we realized there had been an accident.,0,3,0,2,2,0,1,0,1,1,0,2,0,0,2,0,2,0,0,2
* fuzzy stuff here * Someone was plucking my eyebrows in one of the dressing rooms and I was so upset because they were too thin.,1,0,0,1,0,0,1,0,1,0,0,0,0,2,0,0,0,0,2,0
Giant redneck dad decides to find this dude first.,1,1,0,0,1,0,1,0,0,1,1,1,0,0,0,0,1,0,0,0
"Tall, pale, skinny, great body.",0,0,1,0,0,0,0,1,0,0,0,0,1,0,0,0,0,1,0,0
I caught a co-worker stealing my prescription migraine medicine.,2,1,0,0,2,1,1,0,1,1,0,2,0,0,1,0,2,0,0,1
That was the last time anyone saw her.,0,2,0,3,0,0,1,0,1,1,0,1,0,2,1,0,1,0,2,1
"We left him with the security guys.It disturbed me, fear got into my head, i started to think `` what on earth are we doing putting ourselves and others in this situation? ''",0,2,0,0,0,0,1,0,0,0,0,3,0,0,0,0,3,0,0,0
"Her closest coworker friend, ""W"", was getting married (W was like 25~26) and asked C to be one of her bridesmaids.",0,0,1,0,0,0,1,1,0,1,0,0,1,0,1,0,0,1,0,1
"I swear, it must have circulated back to me at least three times and I'm totally certain it was the same coin.",1,1,0,0,2,0,1,0,0,1,0,1,0,0,2,0,1,0,0,2
"Anyways, a friend of mine and her mother were riding the subway in New York I believe, and had their [picture](##URL## taken.",0,0,1,0,0,0,0,1,0,0,0,0,1,0,0,0,0,1,0,0
"I freaked out and, eyes still closed, went back to bed.",0,3,0,0,1,0,1,0,0,1,0,3,0,0,1,0,3,0,0,1
"`` When I came round I was on medication and morphine, I had a lot of pain in my face.",0,2,0,2,0,0,1,0,1,0,0,1,0,2,0,0,1,0,2,0
"The world beings to spin and colors find their inverse, twisting and churning before my eyes, every thing I know takes new form.",0,2,0,0,2,0,1,0,0,1,0,1,0,0,1,0,1,0,0,1
Or like when the one of the 4-year-olds I substitute taught at church asked why I was wearing a belt around my waist.,0,0,0,0,1,0,0,0,0,1,0,0,0,0,1,0,0,0,0,1
Well I guess we weren't the only ones who heard the chorus... So this is the scene that met my eyes this afternoon.,0,0,0,0,1,0,0,1,0,0,0,0,0,0,1,0,0,0,0,0
I fell asleep with visions of 5 grand dancing in my head.,0,0,2,0,0,0,1,1,0,1,0,1,1,0,1,0,1,1,0,1
"I don't feel my lungs anymore, and the stitch is just a dull annoyance.",0,1,0,0,0,0,1,0,1,0,0,2,0,1,0,0,2,0,1,0
I heard footsteps going down to the basement.,0,2,0,0,1,0,1,0,0,1,0,2,0,0,1,0,2,0,0,1
Called it right away.,0,0,0,0,0,0,0,0,0,1,0,1,1,0,0,0,0,0,0,0
"I never have in the past, either.",0,0,0,0,1,0,0,0,0,0,0,0,0,0,0,0,0,0,0,0
Anyway it was weird.,0,1,0,0,2,0,1,0,0,1,0,1,0,0,1,0,1,0,0,1
"Earth Base Delta stopped responding to our calls, and we were left alone in the vast emptiness of space.",0,3,0,1,2,0,1,0,1,0,0,2,0,1,1,0,2,0,1,0
"I seriously have the biggest pooch at the bottom of my stomach, and it drive me crazy.##URL## / / i33.tinypic.com / 6yh9ch.",1,1,0,1,0,0,1,0,1,0,0,1,0,0,0,0,1,0,0,0
"I noticed a bit of an orange in the sky, but I just thought it was street lights or an odd reflection from the moon or something.",0,0,0,0,1,0,1,0,0,1,0,1,0,0,1,0,1,0,0,1
"Fast forward-I was 21, and living in my first apartment.",0,0,1,0,0,0,0,1,0,0,0,0,1,0,0,0,0,1,0,0
It won't hurt.,0,1,0,0,0,0,1,1,0,0,0,0,0,0,0,0,0,0,0,0
"'No problem,' he said.",0,0,1,0,0,0,0,1,0,0,0,0,1,0,0,0,0,1,0,0
A very close family friend passed away from a terminal illness.,0,1,0,3,0,0,1,0,1,0,0,1,0,3,0,0,1,0,3,0
"Didn't happen to me, but a friend.",0,0,0,0,0,0,1,0,0,1,0,0,0,0,1,0,0,0,0,1
This chain was three links long.,0,0,0,0,0,0,0,0,0,1,0,0,0,0,1,0,0,0,0,1
His life was hell.,0,2,0,3,0,0,1,0,1,0,0,1,0,3,0,0,1,0,3,0
Not a very spectacular story but true.,0,0,0,0,0,0,0,0,0,1,0,0,0,0,1,0,0,0,0,1
Slow down so I don't stub my toe when I'm running down the driveway to pick up my mail.,0,1,0,0,0,0,1,0,0,0,0,1,0,0,0,0,1,0,0,0
"Sure, it existed only in my head... these athletes from the past 30 years aren't people I really know, nor do I consider them my competition, but they presented me the opportunity to make them my competition for the day.",0,0,1,0,0,0,0,1,0,0,0,0,1,0,0,0,0,1,0,0
So by the time I had finished filing out the new one my arms were aching and did I mention that my arms were aching not only because I had to fill them out but also because I had to do it three times?,1,2,0,0,0,0,1,0,1,0,0,1,0,0,0,0,1,0,0,0
&lt;/crazy-nutter&gt;,0,1,0,0,1,0,0,0,0,1,1,1,0,0,1,0,0,0,0,1
"Okay, with that off my chest, I'm gon na say goodbye.Goodbye!",0,0,1,1,0,0,0,0,1,0,0,0,0,1,0,0,0,0,1,0
"As the blood seems to return to my head, I can think clearly and muster the energy to keep going.",0,1,1,0,0,0,1,0,1,0,0,2,0,1,0,0,2,0,1,0
"LMAO, so when went passed the base, it sort of gave me the giggles when that came back into my head.",0,0,2,0,1,0,0,1,0,0,0,0,2,0,0,0,0,2,0,0
Decide to be roommates.,0,0,1,0,0,0,0,1,0,0,0,1,1,0,0,0,0,1,0,0
With my eye primarily on Shorty I extended an invitation to my new friends to join us at anime Jeopardy.,0,0,1,0,0,0,0,1,0,0,0,0,1,0,0,0,0,1,0,0
My knees hurt so much.,0,1,0,1,0,0,1,0,1,0,0,1,0,1,0,0,1,0,1,0
I had to chord with my thumb.,0,0,0,0,0,0,1,0,0,0,0,1,0,0,0,0,1,0,0,0
"After a few days of just keeping at it and clenching my teeth, my blisters soon healed and bf became painless.",0,0,1,0,0,0,1,1,0,0,0,1,0,0,0,0,1,0,0,0
That was real fun...,0,0,2,0,0,0,0,1,0,0,0,0,3,0,0,0,0,3,0,0
"There's not much information on it, but apparently it IS somewhat historically accurate (though undoubtedly greatly exaggerated over the years.",0,0,0,0,1,0,1,0,0,1,0,0,0,0,1,0,0,0,0,1
Then she opened up a package to reveal a small looking scalpel which she then used to `` prick '' my finger.,0,2,0,0,0,0,1,0,0,1,0,1,0,0,1,0,1,0,0,1
Now i'm stuck with a Class D Felony for Distribution of Marijuana... fucking sucks man..,2,2,0,3,0,1,1,0,1,0,3,1,0,1,0,3,1,0,1,0
"However, I made sure to take a few swishes of water just so my mouth felt like it got a lot of moisture.",0,0,1,0,0,0,0,1,0,0,0,0,0,0,0,0,0,0,0,0
The couple broke up a few months after we moved in and the tension was insane.,1,2,0,2,1,1,1,0,1,0,2,1,0,2,0,2,1,0,2,0
I must have turned as white as a sheet at that point.,0,3,0,0,1,0,1,0,0,0,0,2,0,0,0,0,2,0,0,0
"I want to learn about you, communicate with you.",0,0,1,0,0,0,0,1,0,0,0,1,1,0,0,0,0,1,0,0
I was within two miles when I remember one of the spectators yelling at me to `` relax my face ''!,0,0,0,0,0,0,1,0,0,1,0,1,0,0,1,0,1,0,0,1
my jaw feels really sore and the taste of blood stayed in my mouth for close to a week.,0,1,0,2,0,0,1,0,1,0,0,1,0,2,0,0,1,0,2,0
"One day, we lost all contact.",0,1,0,2,0,0,1,0,1,1,0,1,0,2,1,0,1,0,2,1
It disconnected and teetered away from us.,0,2,0,1,1,0,1,0,1,1,0,2,0,0,1,0,2,0,0,1
Brought my feet to the floor above my forehead.,0,0,0,0,0,0,0,0,0,0,0,1,0,0,0,0,0,0,0,0
"One day she came over and brought a bag of random things to ""store"" at my house.",1,0,0,0,1,0,1,1,0,1,0,0,1,0,1,0,0,1,0,1
So I tucked my fingers into a ball in my lobster claws and started to jog in the snow with my bike down the road.,0,0,0,0,0,0,0,1,0,0,0,0,1,0,0,0,0,1,0,0
My mum says that when she looked in the mirror she saw a pair of glowing yellow eyes.,0,3,0,0,3,0,1,0,0,1,0,2,0,0,2,0,2,0,0,2
It went well... we're working on a lot of technique things with my hands.,0,0,1,0,0,0,0,1,0,0,0,0,1,0,0,0,0,1,0,0
This was different though.,0,0,0,0,1,0,0,0,0,1,0,1,0,0,2,0,0,0,0,2
"She is a nice religious girl, exactly like the one he wanted to be with.",0,0,2,0,0,0,0,1,0,0,0,0,1,0,0,0,0,1,0,0
When we get out the shape is gone.,0,1,0,0,1,0,1,0,0,1,0,1,0,0,1,0,1,0,0,1
"Creepy place, never been a fan.",0,2,0,0,0,1,1,0,0,0,1,1,0,0,1,1,1,0,0,0
"I kept my head clear with guaifenesin and benadryl, putting me to sleep on the first part of the trip, which was flying from Columbus to Baltimore to join up with the family.",0,0,0,0,0,0,1,0,0,0,0,1,0,0,0,0,1,0,0,0
Just got back from the dentist a little while ago and I am not a happy camper: ( The Novocaine hasn't even worn completely off yet and my jaw is throbbing.,1,1,0,2,0,0,1,0,1,0,1,1,0,1,0,0,1,0,1,0
"Able to pass bugs halfway through the tv screen and pull them out like nothing happened, couldn't do it with my own hands though.",0,1,0,0,2,0,1,0,0,0,0,1,0,0,0,0,1,0,0,0
"; ) and honestly, when i started blogging i had no idea why i was doing this, who i was doing it for, and creating food wasn't even on my brain.",0,0,0,0,0,0,0,0,0,0,0,0,0,0,1,0,0,0,0,0
We looked down and watched blood streaming down from under his shorts........,0,3,0,2,2,0,1,0,1,1,0,3,0,2,2,0,3,0,2,2
"I yell ""Whos there?!",1,3,0,0,1,1,1,0,0,1,0,2,0,0,2,0,2,0,0,2
We still felt terrified.,0,3,0,0,0,0,1,0,0,0,0,3,0,0,0,0,3,0,0,0
Nobody on the other end.,0,1,0,0,1,0,0,0,0,1,0,1,0,0,1,0,0,0,0,1
#NAME?,0,1,0,0,0,0,1,0,0,0,0,2,0,0,0,0,2,0,0,0
"Then, as humanity accepted the truth, the disappointment manifested into sadness and general misery.",0,1,0,3,0,0,0,0,1,0,0,1,0,3,0,0,0,0,3,0
"**3** - A long time ago my dad worked concert security, and the company was asked to do security at some outdoor festival thingy.",0,0,1,0,0,0,1,0,0,1,0,0,0,0,1,0,0,0,0,1
this person i saw was a shadow and pitch black.,0,3,0,0,1,0,1,0,0,1,0,3,0,0,2,0,3,0,0,2
3.Woke up from a horrible dream of my ex boyfriend with his new girlfriend.,1,2,0,2,0,0,1,0,1,1,0,3,0,2,1,0,3,0,2,1
And i now have blood drawn to the surface of my arm!,0,1,0,0,0,0,1,0,1,0,0,2,0,1,1,0,2,0,1,0
This wasn't just one glistening tear sliding down my cheek.,0,0,0,2,0,0,1,0,1,0,0,1,0,2,0,0,1,0,2,0
Tomorrow I see a cardiologist to check my heart out.,0,2,0,0,0,0,1,0,0,0,0,1,0,0,0,0,1,0,0,0
"The noise repeated several times, and then ended.",0,2,0,0,1,0,1,0,0,1,0,1,0,0,1,0,1,0,0,1
There was no stopping the relentless torrent.,0,3,0,1,1,1,1,0,1,0,1,2,0,0,0,1,2,0,0,0
When the dust settled I looked over at my wife and saw she was alive and I knew I was alive so I immediately had happiness in my heart.,0,0,3,0,0,0,0,1,0,0,0,0,3,0,0,0,0,3,0,0
"Despite my literal and non-literal `` growing up '' in another place, I had always felt a claim to Calgary, a belonging that wound deep through my bones.",0,0,1,0,0,0,0,0,1,0,0,0,0,1,0,0,0,0,1,0
Except I'm a very lazy person and I don't really like meat with lots of bones and stuff so I felt like when I tried pieces of Sam's dish I was just playing with the food in my mouth.,0,0,0,0,0,0,0,0,0,0,0,0,0,0,0,0,0,0,0,0
I couldn't put my finger on it.,0,2,0,0,1,0,1,0,0,0,0,1,0,0,0,0,1,0,0,0
"I arrived at Penny's doorstep, tears streaming down my face.",0,1,0,3,0,0,1,0,1,0,0,1,0,3,0,0,1,0,3,0
"Total: 80.5 miles ( 10,550 ' ) My legs felt great all week, which is really encouraging considering this is the first week of the taper.",0,0,2,0,1,0,0,1,0,0,0,0,2,0,0,0,0,2,0,0
This was no person.,0,3,0,0,3,0,1,0,0,1,0,2,0,0,2,0,2,0,0,2
"The first two to fall suffered a broken neck and a fractured skull, the third was crushed to death by the others, dying of a collapsed chest.",0,2,0,2,0,0,1,0,1,1,0,3,0,3,0,0,3,0,3,0
as i go to take the hook out of my 4th fish... it shakes and embeds the hook in my hand.,1,2,0,1,1,1,1,0,0,0,0,2,0,0,0,0,2,0,0,0
3rd I really don't know... Any of the main characters really..,0,1,0,0,0,0,0,0,0,1,0,1,0,0,1,0,0,0,0,1
I just sat there panting and wiping tears and mucus off my face.,0,1,0,2,0,0,1,0,1,0,0,1,0,3,0,0,1,0,3,0
"""ARcH stop your progression.",0,1,0,0,1,1,1,0,0,1,1,2,0,0,0,1,2,0,0,0
I had my eye on the fabric for months.,0,0,1,0,0,0,0,1,0,0,0,0,1,0,0,0,0,1,0,0
No kids were hurt.,0,0,1,0,0,0,0,0,0,0,0,0,1,0,0,0,0,0,0,0
"I stood there at the front door with the key in my hand and every time I tried to unlock it, I started shaking so much that I couldn't get the key in the lock!",0,3,0,0,0,0,1,0,0,0,0,3,0,0,0,0,3,0,0,0
Everyone was out in the detached garage smoking.,0,0,0,0,0,0,0,1,0,0,0,0,0,0,0,0,0,0,0,0
We never saw him again.,0,0,0,2,0,0,0,0,1,0,0,1,0,2,0,0,0,0,2,0
Then I got to a parking lot and got a funny idea in my head to toss it at a car.,0,0,1,0,0,0,1,1,0,1,0,1,0,0,1,0,1,0,0,1
"Six years later, I tried again.",0,1,1,0,0,0,1,0,0,0,0,1,1,0,0,0,1,0,0,0
"but, within seconds i regained myself and pulled off the rings on my fingers and went after the manic destroying all perceptions of herself.",1,0,0,0,0,1,1,0,1,0,2,1,0,1,0,2,1,0,1,0
"Was my nose pierced, or was it untouched and innocent like a few weeks ago?",0,0,0,0,1,0,0,1,0,1,0,0,0,0,1,0,0,0,0,1
I draw on the bark with my fingers the roots that twist and twine at my side.,0,0,1,0,0,0,0,0,0,0,0,0,0,0,0,0,0,0,0,0
"Stuck in this place, With the world rushing by, Tears stream down my face, As I stand here, waiting to die.",0,3,0,3,0,0,1,0,1,0,0,2,0,3,0,0,2,0,3,0
It was the number of my Grand Mother's class room and hospital room when she passed.,0,0,0,3,0,0,0,0,1,1,0,0,0,2,1,0,0,0,2,1
Not necessarily god-like.,0,0,0,0,1,0,0,0,0,1,0,0,0,0,1,0,0,0,0,1
Ice cube was... gone!,0,0,0,0,2,0,1,0,0,1,0,1,0,1,2,0,1,0,0,2
"only one hour of sleep, then 9 hours on my feet.",0,1,0,0,0,0,0,0,0,0,0,1,0,0,0,0,0,0,0,0
"This will probably get buried, but it's worth a shot.",0,1,0,1,0,0,1,1,0,1,0,1,1,0,1,0,1,1,0,1
"Keep your chin up, friend.",0,0,1,0,0,0,0,1,0,0,0,0,1,0,0,0,0,1,0,0
"There is a pencil in my hand, But the words are not writing.",0,2,0,0,0,0,1,0,0,0,0,1,0,1,0,0,1,0,0,0
The first thought that came into my head was that I needed to go to work as soon as possible.,0,1,0,0,0,0,1,0,0,0,0,1,0,0,0,0,1,0,0,0
"So I'm walking home from my buddies house say around 1-2 am, his apartment complex is on one side of the street and mine is on the opposite side.",0,1,0,0,0,0,0,0,0,0,0,0,0,0,0,0,0,0,0,0
I found it fascinating.,0,0,2,0,1,0,0,1,0,1,0,0,2,0,1,0,0,2,0,1
i do nt know how many times i put my hand in fire till i relized it burns.,0,2,0,0,0,1,1,0,0,0,1,2,0,0,0,1,2,0,0,0
In between my toes.,0,0,0,0,0,0,0,0,0,0,0,0,0,0,0,0,0,0,0,0
"While packing up our booth at CHA, I momentarily threw my back out.",0,1,0,0,0,1,1,0,0,0,1,1,0,0,0,1,1,0,0,0
"The funny thing is I heard my head hit, heard a sharp crack-or at least it sounded sharp.",0,2,0,0,1,0,1,0,0,1,0,2,0,0,2,0,2,0,0,2
"So far today at work I have: curled my hair, waxed my eyebrows, painted my nails, done my makeup and stared at myself in the mirror for atleast an hour... It is so pointLess for me to be here on Mondays it's not even funny.",0,0,0,1,0,0,0,0,0,0,0,0,0,0,0,0,0,0,0,0
Suddenly we start moving forward a little bit.,0,1,0,0,1,0,1,1,0,1,0,1,0,0,2,0,1,0,0,2
"Of course, in the end I had a better essay to hand in ( can't remember how this impacted the grade ) but I didn't feel like the work I was turning in was mine.So when I'm editing Jenn's work a shiver runs down my spine that my father is also standing above my shoulder editing my edits.",0,2,0,0,0,0,1,0,1,0,0,1,0,1,0,0,1,0,1,0
"Each one of these could be a post all its own, but for the sake of time I'll simply list them:",0,0,0,0,0,0,0,0,0,0,0,0,0,0,0,0,0,0,0,0
Described it exactly like my sister did.,0,0,0,0,0,0,0,0,0,0,0,0,0,0,0,0,0,0,0,0
"Finding them, I whipped one out and put it in my ear, swabbing.",0,0,0,0,0,0,1,0,0,0,0,1,0,0,0,0,1,0,0,0
My brother noticed my face was really red.,0,0,0,0,0,0,0,0,0,0,0,1,0,0,0,0,0,0,0,0
I was reeling back from the spit.,1,1,0,0,1,0,1,0,0,0,0,3,0,1,1,0,3,0,0,0
"I was once the dirty, rotten, low-down friendzoner girl.",1,0,0,2,0,1,0,0,1,0,1,0,0,1,0,1,0,0,1,0
From my feet the sheer force of the vomit thrusts me to my hands and knees.,0,3,0,1,0,0,1,0,1,0,0,2,0,1,0,0,2,0,1,0
Not to mention the top portion doesn't fit my belly so therefor i have the top button undone.,0,0,0,0,0,0,0,0,0,0,0,0,0,0,0,0,0,0,0,0
""" If you still hear silence, flee.",0,3,0,0,2,0,1,0,1,0,0,2,0,0,0,0,2,0,0,0
"Wins $10,000 on another $2 scratch ticket.",0,0,3,0,2,0,0,1,0,1,0,0,2,0,1,0,0,2,0,1
It buoyed up my heart.,0,0,2,0,0,0,0,1,0,0,0,0,1,0,0,0,0,1,0,0
Then he was gone.,0,1,0,3,1,0,1,0,1,1,0,1,0,2,1,0,1,0,2,1
I drew my robes around me tightly as my legs kept walking to no particular destination.,0,2,0,1,0,0,1,0,0,0,0,1,0,0,0,0,1,0,0,0
12:00 -- Making lunch while a toddler hangs on my legs shrieking `` Baby hungy! '',0,1,0,1,0,0,0,1,0,0,0,0,1,0,0,0,0,1,0,0
And you already forgot.,1,0,0,0,0,0,0,0,0,0,0,0,0,0,0,0,0,0,0,0
She was very attractive.,0,0,1,0,0,0,0,1,0,0,0,0,1,0,0,0,0,1,0,0
"And it kept flying in my head for some time, until the plane took off.",0,1,0,0,0,0,1,0,0,1,0,1,0,1,1,0,1,0,0,1
The shadow seemed to grow angry that it was unable to feed on my fear anymore.,1,2,0,0,1,1,1,0,0,0,2,2,0,0,0,2,2,0,0,0
"Unfortunately I couldn't find any mittens so my hands were very, very cold.",0,2,0,1,0,0,1,0,1,0,0,1,0,0,0,0,1,0,0,0
"Either way, awesome night.",0,0,3,0,0,0,0,1,0,0,0,0,3,0,0,0,0,3,0,0
"Shadows Falls new CD `` Threads of Life '', in my eyes, can be placed alongside '' The Art of Balance '' and `` The War Within ''.",0,0,1,0,0,0,1,1,0,0,0,0,1,0,0,0,0,1,0,0
"As it roars into proximity the shouter and I meet eyes, and I put my hand out.",0,0,1,0,0,0,1,0,0,0,0,1,0,0,1,0,1,0,0,0
"When he drove through the night I would stay up with him and when it was late enough he would let me sit on his lap and let me ""drive"".",0,0,2,0,0,0,0,1,0,0,0,0,1,0,0,0,0,1,0,0
"Both cats went tot he end of the bed and were hissing at the doorway, their fur standing on end.",0,2,0,0,1,1,1,0,0,0,0,2,0,0,1,0,2,0,0,0
"My mom eventually came to pick me up and put me in my chair, but hurt my leg in the process, and berated me the whole time for crying.",1,1,0,2,0,1,1,0,1,0,1,1,0,2,0,1,1,0,2,0
I have had almost the exact same experience.,0,0,1,0,1,0,0,1,0,0,0,0,0,0,0,0,0,0,0,0
I was less sad about missing my birthday though and more sad about missing her.,0,0,0,3,0,0,0,0,1,0,0,0,1,2,0,0,0,0,2,0
I started smoking there.,0,0,0,0,0,0,0,1,0,0,0,0,1,0,0,0,0,1,0,0
"I cursed and fume, figuring that I had missed the final entirely.",2,1,0,0,0,1,0,0,0,0,1,0,0,0,0,1,0,0,0,0
"I also told them about the dream I had which involved a bunch of worms coming out of one of the pots next to my bed, and then a disgustingly large one ( about as big as my leg ) that tried to come out of the pot and eat me.",0,2,0,0,1,0,1,0,1,1,0,2,0,1,2,0,2,0,1,2
"He stood up and said, 'I'm in love with the bride!",0,0,2,0,3,0,0,1,0,1,0,0,3,0,1,0,0,3,0,1
"Ah, to close my eyes and let time fly by, Because there's so much to gain By forgetting these dreams driving me insane.",0,1,0,1,0,0,1,0,1,0,0,2,0,1,0,0,2,0,1,0
"The two weeks in that box, though I was bored out of my skull, were easy as far as my magic was concerned.",0,0,0,2,0,0,0,1,0,0,0,0,1,0,0,0,0,1,0,0
"Terrible, terrible deja vu.",0,2,0,1,2,0,1,0,1,0,0,1,0,3,1,0,1,0,3,0
"And again, I kinda woke up to another dream.",0,1,1,0,1,0,1,0,0,1,0,1,0,0,2,0,1,0,0,2
We walked every aisle and I had so many ideas pop into my head.,0,0,1,0,0,0,1,0,0,0,0,1,0,0,0,0,1,0,0,0
We were going to reach seventy.,0,0,0,0,1,0,0,1,0,1,0,1,0,0,1,0,0,0,0,1
There was no feeling to compare.,0,0,0,1,1,0,0,1,0,1,0,0,0,0,1,0,0,0,0,1
It was our house and a few others.,0,0,0,0,0,0,0,0,0,1,0,0,0,0,1,0,0,0,0,1
Partially because my heart hurts so much to observe the animals suffering in their boredom.,0,1,0,2,0,0,1,0,1,0,0,0,0,3,0,0,0,0,3,0
i remember gritting my teeth because i was thinking about my mom being asleep over nine hours.,1,1,0,0,0,0,1,0,0,0,0,2,0,0,0,0,2,0,0,0
My face lurched off of the desk and I banged my head on the top piece and flew back in to my seat with such force that I knocked a letter opener off of the top and it fell.,0,2,0,1,2,1,1,0,0,1,1,1,0,0,1,1,1,0,0,1
I lay down and start thinking about random nonsense and events.,0,0,1,0,0,0,1,0,0,0,0,1,0,1,0,0,1,0,0,0
Moral of the story?,0,0,0,0,1,0,0,0,0,1,0,0,0,0,1,0,0,0,0,1
"The ground was cold and when I pushed myself back up, my palms were bleeding, full of little bits of limestone and coal, and the elbow was out in one of my sleeves.",0,2,0,1,0,0,1,0,1,0,0,1,0,1,0,0,1,0,1,0
"Same girl, same exact process.",0,0,0,0,0,0,0,0,0,1,0,0,0,0,1,0,0,0,0,1
Tonight the sweaty hands of the air held me down And closed around my chest The geese and ducks could barely move against the coagulating water That thickened and slowed without a ripple.,0,2,0,0,0,0,1,0,1,0,0,2,0,1,0,0,2,0,1,0
This is the most terrifying experience of my life.,0,3,0,1,0,0,1,0,0,1,0,3,0,0,0,0,3,0,0,0
"I ran the scenario over in my head... `` Two guys, on a back-hoe, out in the middle of nowhere, in the middle of the night, knocking on some person's door.",0,2,0,0,1,0,1,0,0,1,0,2,0,0,1,0,2,0,0,1
I opened my eyes and that darn balloon was right there in my face.,1,1,0,0,2,0,1,0,0,1,1,1,0,0,1,0,1,0,0,1
"That took about a week and a half, then I had surgery to put eight plates in my face to rebuild it.",0,1,0,2,0,0,1,0,1,0,0,2,0,2,0,0,2,0,2,0
I ended up faking stomach pains and ending it as fast as I could.,1,2,0,1,0,0,1,0,0,0,0,2,0,0,0,0,2,0,0,0
I know with all my heart that taking this job was the right thing to do.,0,0,3,0,0,0,0,1,0,0,0,0,2,0,0,0,0,2,0,0
"I sit at my desk, I lie in my bed, I sit next to the window feeling the smoothing touch of spring morning on my skin.",0,0,2,0,0,0,0,1,0,0,0,0,1,0,0,0,0,1,0,0
"My whole body stood frozen as my worst nightmare played out before my eyes and though I wanted to run into the middle and stop them, my feet felt like they were planted in cement, unable to move, no matter how much I willed them to go forward.",0,3,0,0,0,0,1,0,1,0,0,3,0,1,0,0,3,0,1,0
Brighter than if you turned on every light in the room and even brighter than during the day time with the shades up.,0,0,0,0,1,0,0,0,0,0,0,0,1,0,0,0,0,0,0,0
Over the years I have taken pictures of what caught my eye.,0,0,1,0,0,0,0,1,0,0,0,0,1,0,0,0,0,1,0,0
"An informative seed hes planting inside, I close my eyes, gripping what was my life.",0,2,0,2,0,0,1,1,0,0,0,1,1,0,0,0,1,1,0,0
"More cigarettes and booze are brought into contact with my mouth, and then something new.",0,1,0,0,1,0,1,0,0,0,0,1,0,0,1,0,1,0,0,0
My legs felt weak.,0,1,0,0,0,0,1,0,1,0,0,1,0,1,0,0,1,0,1,0
This is so odd.,0,1,0,0,2,0,1,0,0,1,0,1,0,0,2,0,1,0,0,2
"i just cracked my head into a glass door.A delivery person, instead of calling me and saying `` I've got a package. ''",2,2,0,0,0,1,1,0,0,1,1,2,0,0,1,1,2,0,0,1
My feet were totally soaked through.,0,1,0,1,0,0,1,0,1,0,0,1,0,0,0,0,1,0,0,0
"I dipped my toe in the Indian Ocean, just to say I've done it, and then the CDC-side of me wondered, `` Was that dumb?",0,1,0,0,0,0,1,0,0,1,0,1,1,0,1,0,1,0,0,1
"So many things were going on in my life, in my head and in my heart that I just couldn't write any of them down.",0,1,0,2,0,0,1,0,1,0,0,1,0,1,0,0,1,0,1,0
My eyes searched the table for a wide wicked smile and long blond locks.,0,0,1,0,1,0,0,1,0,1,0,0,1,0,1,0,0,1,0,1
This was right before sunset when we got in bed and I instantly fell asleep.,0,0,2,0,0,0,0,1,0,1,0,0,2,0,0,0,0,2,0,0
"You seem to be under some sort of impression that this person was way more into you than they actually were, and that they have nothing better to do than make you the center of their life.",2,0,0,0,0,0,1,1,0,1,1,0,1,0,1,0,0,1,0,1
"If something goes wrong, so be it, its life, nobody is perfect.",0,0,1,0,0,0,1,1,1,0,0,1,0,1,0,0,1,0,1,0
My stomach felt like it had a hole in it.,0,1,0,2,0,0,1,0,1,0,0,1,0,2,0,0,1,0,2,0
I was also sick and running a fever.,0,2,0,2,0,0,1,0,1,0,0,2,0,2,0,0,2,0,2,0
"Eventually it faded, leaving me scared shitless and her more curious than I liked.",0,3,0,0,2,0,1,0,0,0,0,3,0,0,1,0,3,0,0,0
2nd date - I get invited to her house to watch a documentary about lime disease.,0,0,1,0,0,0,1,1,0,1,0,0,1,0,1,0,0,1,0,1
"Probably going to get buried, spooky as hell, and very real.",0,3,0,0,2,0,1,0,0,1,0,3,0,0,2,0,3,0,0,2
; ) In the evening we did go down and put our feet in the water-I got to about my waist actually.,0,0,1,0,0,0,0,1,0,0,0,0,1,0,0,0,0,1,0,0
It looks like dark smelly applesauce.,0,1,0,0,1,0,1,0,0,1,0,1,0,0,1,0,1,0,0,1
The top of the mattress comes up a little above my waist!,0,0,1,0,0,0,0,1,0,1,0,0,0,0,1,0,0,0,0,1
"Then I opened my mouth a little and said, `` I-I don't remember. ''",0,2,0,0,0,0,1,0,1,1,0,1,0,1,1,0,1,0,1,1
"I remember that the phrase ""blood turning to ice"" makes sense now.",0,3,0,0,2,0,1,0,0,1,0,1,0,0,1,0,1,0,0,1
The sky is black.,0,1,0,1,0,0,1,0,0,0,0,3,0,0,0,0,3,0,0,0
So basically 14-15 hours after I ate my food was still in my stomach.,0,1,0,1,0,0,0,0,0,0,0,1,0,0,0,0,0,0,0,0
He preached and I wanted a word and he started Healing in his preaching Litttle by Little the Lord started tugging at my heart and I started to weep little by Little.,0,0,0,2,0,0,0,0,1,0,0,0,0,2,0,0,0,0,2,0
"Now, I just sit there and nod my head, as I listen to the excuses people use to not make positive changes in their life.",0,0,0,0,0,0,0,0,1,0,0,0,0,1,0,0,0,0,1,0
First sentence speak out from my mouth: `` HUH?,0,0,0,0,1,0,1,0,0,1,0,1,0,0,1,0,1,0,0,1
There's nothing but dead air.,0,2,0,1,0,0,1,0,1,1,0,2,0,1,0,0,2,0,1,0
"Paul was harassing me with a flag for a bit, plopping it on my head.",2,0,0,0,0,1,1,0,0,0,2,1,0,0,0,2,1,0,0,0
I lead a sad life.,0,1,0,3,0,0,0,0,1,0,0,0,0,3,0,0,0,0,3,0
I balled my fist underneath the table.,2,0,0,0,0,1,0,0,0,0,2,0,0,0,0,2,0,0,0,0
I caught a quite a few rip-able one and was really relishing the new board under my feet.,0,0,2,0,0,0,0,1,0,0,0,0,2,0,0,0,0,2,0,0
Still freaks me out.,0,3,0,0,1,0,1,0,0,1,0,3,0,0,1,0,3,0,0,1
"i tried to get out of bed and as i did, i immediately fell on the floor, unable to get my legs underneath me.",0,3,0,1,1,0,1,0,1,0,0,3,0,1,0,0,3,0,1,0
My sister was one of her bridesmaids.,0,0,0,0,0,0,0,1,0,0,0,0,1,0,0,0,0,1,0,0
"Between moving appliances yesterday at work, and this morning where I tensed enough to tweak my back, I'm a bit sore.Now Paka has been staring at me wide-eyed and giving her whining-style meow.",0,0,0,1,0,0,1,0,1,0,0,1,0,1,0,0,1,0,1,0
So he knows when his equipment is faulty.,0,0,0,0,0,0,0,0,0,0,0,1,0,0,0,0,0,0,0,0
"One time, he was hauling an entire fridge trailer FILLED with onions.",0,0,0,0,1,0,1,0,0,1,0,1,0,0,1,0,1,0,0,1
He was naked from the waist down.,0,2,0,0,2,0,1,0,0,1,0,2,0,0,2,0,2,0,0,2
It cut through all the fear and anger in my brain.,2,2,0,0,0,0,1,0,0,0,1,2,0,1,0,0,2,0,0,0
He's also a teddybear-like goofball.,0,0,2,0,0,0,0,1,0,1,0,0,2,0,1,0,0,2,0,1
"**Elderly man**: Well, there's a lot of them colored folks working there, and I just didn't feel safe leaving it with them.",3,2,0,1,0,0,1,0,0,0,0,2,0,1,0,0,2,0,0,0
I felt guilty for being so relieved but the idea of not being alone was so amazing that the breath left my lungs briefly.,0,1,1,0,0,0,0,1,0,0,0,0,2,0,0,0,0,2,0,0
I'm not sure I really even knew what the movie was about by the time it was done because my nerves were completely shot.,0,3,0,0,0,0,1,0,0,0,0,3,0,0,0,0,3,0,0,0
Grief does funny things.,0,1,0,2,1,0,1,0,1,0,0,0,1,1,1,0,0,0,1,0
"I got sick of trying to keep my eyes closed, and I was also hungry, so I gave up, eating some bean sprout soup with rice, and then an ice cream.",0,1,1,1,0,0,0,1,0,0,0,0,1,0,0,0,0,1,0,0
I was pretty upset.,1,0,0,1,0,0,0,0,1,0,0,0,0,2,0,0,0,0,2,0
"However, my heart is still broken.",0,1,0,2,0,0,0,0,1,0,0,0,0,3,0,0,0,0,3,0
"i turn on newburg and because im running behind schedule, my foot starts to get heavy and my speed increases.",0,0,0,0,0,0,1,0,0,0,0,1,0,0,0,0,1,0,0,0
"I spent all day at home, sick.",0,1,0,2,0,0,1,0,1,0,0,1,0,2,0,0,1,0,2,0
He wrapped his little fingers around mine and my heart melted.,0,0,3,0,0,0,0,1,0,0,0,0,2,0,0,0,0,2,0,0
"I wrapped a Tshirt around my head for warmth, and settled in for a cold night.",0,1,0,1,0,0,0,0,1,0,0,0,0,0,0,0,0,0,0,0
What happened to my heart when it broke into pieces?,0,0,0,2,0,0,1,0,1,0,0,0,0,3,0,0,0,0,3,0
I am sweet and have a small baby in my belly!,0,0,2,0,0,0,0,1,0,0,0,0,2,0,0,0,0,2,0,0
I smiled and cocked the sword up on my shoulder.,0,0,2,0,0,0,0,1,0,0,0,0,1,0,0,0,0,1,0,0
I have to convince her to stay over with everyone else now.,0,1,0,0,0,0,1,0,0,0,0,1,0,0,0,0,1,0,0,0
"After a bus ride, I found myself in a small town with my thumb out, next to WalMart.",0,1,0,0,0,0,1,0,0,0,0,0,0,0,0,0,0,0,0,0
"I even tried to sleep sitting up for a bit, that ended when I nearly gave myself whiplash when my head dropped.",0,1,0,0,0,0,1,0,0,0,0,2,0,1,0,0,2,0,0,0
"Navy, Air Traffic controller.",0,0,0,0,0,0,0,0,0,0,0,1,0,0,1,0,0,0,0,0
"I kind of sunk down a little, bent my head, then threw it back, `` I know.",0,0,0,0,0,0,1,0,0,0,0,0,0,0,0,0,0,0,0,0
"I fell out of a tree earlier today, and landed on my head after about an eight foot drop onto concrete.",0,2,0,2,1,0,1,0,1,1,0,1,0,1,1,0,1,0,1,1
I had danced till my feet hurt and was ready to head home.,0,0,1,0,0,0,0,1,0,0,0,0,1,0,0,0,0,1,0,0
"The trouble seeps Into my head In my body, I'm caught.",0,2,0,2,0,1,1,0,1,0,0,2,0,1,0,0,2,0,1,0
While in the bathroom there was chaos on the TV and it got louder and louder and louder... I washed my hands and ran to the remote saying outloud `` Jesus Christ '' just then-I look up... as Mary Magdelene is standing in the cave saying he has risen.,0,1,0,0,2,0,1,0,0,1,0,1,0,0,2,0,1,0,0,2
"An overwhelming sense of peace kept my head down, unwilling to return to the world.",0,0,2,0,0,0,1,0,1,0,0,1,1,1,0,0,1,0,1,0
"Face down in an unfamiliar bed, he turned blinking in unexpected sunlight.",0,1,0,0,2,0,1,0,0,1,0,1,0,0,2,0,1,0,0,2
My grandma died today.,0,1,0,3,0,0,1,0,1,0,0,1,0,3,0,0,1,0,3,0
"As stiff as a board, I didn't move an inch except to dart my eyes to my sleeping sister in the bed ten feet away.",0,3,0,0,0,0,1,0,0,0,0,2,0,0,0,0,2,0,0,0
I had thrust up my arm.,0,0,0,0,0,0,0,0,0,0,0,0,0,0,0,0,0,0,0,0
"This probably starts off like most of your typical bad roommate stories, but I assure you this is going to be worse than you might imagine.",0,2,0,0,2,0,1,0,1,1,0,3,0,0,1,0,3,0,0,1
"I had no other option, not with the way my heart started beating erratically at the mention of his name.",0,3,0,0,1,0,1,0,0,0,0,2,0,0,0,0,2,0,0,0
"`` Don't read it to me '', I yelled inside my head.",3,0,0,0,0,1,1,0,0,0,1,2,0,0,0,1,2,0,0,0
"I wanted to smile at him, but it froze before it could form on my lips.",0,0,0,1,0,0,1,0,1,0,0,0,1,1,0,0,0,0,1,0
Sets the power/entity free.,0,1,1,0,1,0,0,1,0,1,0,0,1,0,1,0,0,1,0,1
But then I still feel slight discomfort of my ear and the yellow discharge still continues especially every morning.,0,1,0,1,0,0,1,0,1,0,0,2,0,1,0,0,2,0,1,0
BUT OH GOD MY NAILS ARE BLACK CALL A PRIEST.,0,3,0,0,1,1,1,0,0,1,3,2,0,0,0,3,2,0,0,0
My wife is non-religious.,0,0,0,0,0,0,0,0,0,0,0,0,0,0,0,0,0,0,0,0
"It was several years later that I realized that I had probably narrowly avoided being molested, kidnapped, or worse.",0,3,0,2,2,0,1,0,1,1,0,3,0,1,1,0,3,0,1,1
I'm just numb.,0,0,0,2,0,0,1,0,1,0,0,1,0,2,0,0,1,0,2,0
This is my creepiest real story.,0,3,0,0,1,0,1,0,0,1,0,3,0,0,1,0,3,0,0,1
.....[dispatcher must be talking],0,1,0,0,0,0,1,0,0,1,0,1,0,0,1,0,1,0,0,1
"The doors were getting ready to close, and she wasn't in yet, so I wedged my foot in the bottom of the door to hold it open for her.",0,0,1,0,0,0,1,0,0,0,0,0,0,0,0,0,0,0,0,0
"I guess I should learn to just not open my mouth, because this morning when I woke up, I was in Minnesota!!",0,0,0,0,1,0,1,1,0,1,0,1,0,0,1,0,1,0,0,1
"I jumped up frantically ( the receptionist cast an odd glance toward me, and some net users stared ) and looked at my hands.",0,2,0,0,0,0,1,0,0,1,0,1,0,0,0,0,1,0,0,0
Charlie was so crazy!,0,0,1,0,1,1,1,0,0,1,0,0,0,0,1,0,0,0,0,1
"However, I always felt guilty regarding the abortion.",0,1,0,3,0,0,1,0,1,0,0,1,0,2,0,0,1,0,2,0
I suffered from severe trauma as a child.,0,2,0,3,0,0,1,0,1,0,0,2,0,3,0,0,2,0,3,0
"When Mike walked in the door, my heart skipped a beat and I had the biggest smile on my face.",0,0,2,0,0,0,0,1,0,0,0,0,3,0,0,0,0,3,0,0
"I probably got a happy birthday from my boyfriend though, and I think a back rub.",0,0,2,0,0,0,0,1,0,0,0,0,1,0,1,0,0,1,0,0
The next day I asked her how she thought it went and she said good but she just wants to be friends and I was crushed but agreed.,0,1,0,2,0,0,1,0,1,0,0,0,0,2,0,0,0,0,2,0
"wishing i had triple a, i stick out my thumb.",0,0,0,0,0,0,0,0,0,0,0,0,0,0,0,0,0,0,0,0
the tv in the bus was right by my head so it was really really loud.,0,1,0,0,0,0,1,0,0,0,0,1,0,0,0,0,1,0,0,0
"We would be screaming for mama, but our real mother couldnt comfort us, we would fight her.",1,2,0,3,0,1,1,0,1,0,0,2,0,3,0,0,2,0,3,0
"But more, I had reached the nadir where my head knows I can do something, so thinks it doesn't need to prove it by forcing the body to achieve the task.",0,1,0,1,0,0,1,0,0,0,0,1,0,1,0,0,1,0,0,0
"Have i just made my first ""ghost poo""?",0,1,1,0,2,0,1,1,0,1,0,1,0,0,2,0,1,0,0,2
It was so fucking weird.,0,1,0,0,2,0,1,0,0,1,0,1,0,0,2,0,1,0,0,2
That's messed up.,1,0,0,0,1,1,0,0,0,0,1,1,0,0,1,1,0,0,0,0
"Recently i've started taking the ipod with me, and there has to be something said about running, face to the wind, the ocean in sight, and the sound of bittersweet symphany by The Verve thundering through my ears.",0,0,1,0,0,0,0,1,0,0,0,0,2,0,0,0,0,2,0,0
They are always there to pick up the pieces when my heart is breaking or when I've had a hard day.,0,0,0,2,0,0,0,0,1,0,0,0,0,2,0,0,0,0,2,0
"I tilt my head down to examine the bottom of the glass to see that there is a large, open terrain where the gash does not touch.",0,0,0,0,1,0,1,0,0,0,0,1,0,0,1,0,1,0,0,0
"Last I heard, that other guy was homeless and dead.",0,1,0,3,1,0,1,0,1,1,0,2,0,2,2,0,2,0,2,2
About 15 minutes later I got that feeling in my stomach.,0,1,0,0,0,0,1,0,0,0,0,1,0,0,0,0,1,0,0,0
"Not too scary, right?",0,1,1,0,1,0,1,0,0,0,0,1,0,0,0,0,1,0,0,0
When it's right under my nose I can't see what's what.,0,1,0,0,0,0,1,0,0,0,0,1,0,0,0,0,1,0,0,0
We cuddled on the couch whilst watching TV.,0,0,2,0,0,0,0,1,0,0,0,0,1,0,0,0,0,1,0,0
"Almost straight up, cannot tell how high, I saw this weird rainbow.",0,0,1,0,2,0,1,0,0,1,0,1,0,0,2,0,1,0,0,2
Someone is in danger.,0,3,0,1,1,0,1,0,0,0,0,3,0,0,0,0,3,0,0,0
"When they got back I was slumped on the couch with my back to the door, playing on a laptop.",0,0,0,0,0,0,0,0,1,0,0,0,0,0,0,0,0,0,0,0
I immediately start get nervous and panic internally and wonder what the hell is going on.,0,3,0,0,1,0,1,0,0,0,0,3,0,0,0,0,3,0,0,0
he instanly freaked out on me for having this knife in my hand standing over this deer with a sliced throat.,2,2,0,0,0,1,1,0,0,1,0,3,0,0,1,0,3,0,0,1
"Staying with a friend in Auburn, we awoke on a Wednesday morning, walked outside and my jaw just dropped.",0,0,0,0,2,0,1,0,0,1,0,0,0,0,3,0,0,0,0,3
"We talk, hand in hand and face to face, about life and what it really means to live in hindsight.",0,0,2,0,0,0,0,1,0,0,0,0,1,1,0,0,0,1,0,0
It had been a really bad day with events leading up to the start of this being far to numerous to mention but admist all that and in my nerves i transposed numbers and missed my flight ENTIRELY.,0,3,0,1,0,0,1,0,1,0,0,2,0,0,0,0,2,0,0,0
"The monster was right in front of me and gripped my arms tightly, giving me no chance to escape.",0,3,0,0,0,1,1,0,0,0,0,3,0,0,0,0,3,0,0,0
"Next time you see those people you invited but didn't show up, ask them point blank why they didn't even bother to show up for 5 minutes.",2,0,0,0,0,1,0,0,0,0,1,0,0,0,0,1,0,0,0,0
Anti social ITs like this disese thats takeing over me I cant feel my feet Here i stand before you or should i be down on my knees?,0,3,0,3,0,1,1,0,1,0,1,2,0,0,0,1,2,0,0,0
The whole house and the people and the flame seemed to vanish and leave me in an endless darkness as soon as my eyes were closed.,0,2,0,1,0,0,1,0,1,1,0,3,0,1,1,0,3,0,1,1
"Rinse, repeat, until my arms get tired or something comes up.",0,0,1,0,0,0,1,0,0,0,0,1,0,0,0,0,1,0,0,0
"The dream ended with me riding my friendly pterodactyl through the skies, my hands stretched out to touch the clouds, laughing at the wind-and catching a whiff of my own foul breath blown back into my face.",0,0,2,0,1,0,0,1,1,0,0,0,1,0,0,0,0,1,0,0
Did I get home?,0,2,0,0,1,0,1,0,0,0,0,1,0,0,0,0,1,0,0,0
Dated a woman who invited me to her birthday party.,0,0,1,0,0,0,0,1,0,1,0,0,2,0,1,0,0,2,0,1
"The kissing and touching don't stop, they just get more... interesting.",0,0,2,0,1,0,0,1,0,1,0,0,2,0,1,0,0,2,0,1
I used to ride with my dad as well.,0,0,1,1,0,0,0,1,0,0,0,0,1,0,0,0,0,1,0,0
"It's pretty awesome, right?",0,0,3,0,0,0,0,1,0,0,0,0,3,0,0,0,0,3,0,0
And my throat felt a little funny but I ignored it and when I woke up this morning?,0,1,0,0,0,0,1,0,0,0,0,1,0,0,0,0,1,0,0,0
"My cell phone started ringing, and the phone number that came up was one that I didn't recognize... thinking it might be a potential employer, I answered it.",0,2,0,0,1,0,1,0,0,1,0,1,0,0,1,0,1,0,0,1
"Definitely not like any plane I've ever seen (no flashing lights), and still not sure what it was.",0,1,0,0,2,0,1,0,0,1,0,2,0,0,2,0,2,0,0,2
"Long story short, during the interview I started speaking a mile a minute ( WAY TOO FAST ) and sometimes I lost my train of thought ( due to the fact I was blitzed out of my skull, lol ).",0,2,0,0,0,0,1,0,0,0,0,2,0,0,1,0,2,0,0,0
One time she showed up to my door wearing a long coat and nothing but stockings and heels underneath.,0,1,0,0,3,0,0,0,0,1,0,0,0,0,2,0,0,0,0,2
"We took tons of pictures hoping to find something within them and only once did we suspect a strange figure in the photo to be a ghost, however we're not so sure.",0,2,0,0,2,0,1,0,0,1,0,2,0,0,2,0,2,0,0,2
"Sebastian loved his job, but always aspired to be a well-known author.",0,0,2,0,0,0,0,1,0,0,0,0,2,0,0,0,0,2,0,0
"It slithered into my stomach and made it fire kicks at my sides, that had me subtly grip my mouth.",0,3,0,0,0,1,1,0,0,0,0,2,0,0,0,0,2,0,0,0
I got my first ride and a shortboarder came behind me and did a nutty move and just barely missed my head.,0,2,0,0,2,0,1,0,0,1,0,1,0,0,1,0,1,0,0,1
Wednesday started feeling really poo and stuff but thought I was just tired from the day before and lack of sleep that night due to my chest feeling funny.,0,1,0,1,0,0,1,0,1,0,0,1,0,1,0,0,1,0,1,0
( Notice my toes have nail polish on-that was New Year's resolution # 21 $ ) Then Esm decorated the body tracing.,0,0,1,0,0,0,0,1,0,0,0,0,1,0,0,0,0,1,0,0


FINAL COMBINED TWO-STEP RESULTS
--------------------------------
Final Combined Macro F1: 0.5863610083356932
Final Combined Micro F1: 0.7794690265486726
Final Combined Pearson: 0.7651256438534021
Exact Match Accuracy: 0.30796460176991153

Class-wise final combined results added to Step 2 log.